,confidence
TAGATGCGTGGTTGAA-1,0.450108
AGGATCCGTAAGTAAT-1,0.53170276
ATAGCTGCGGATAAGA-1,0.46792248
ACTGCAACTTCAGTCA-1,0.47733322
GTCAGTATGTCCGGCG-1,0.4942083
CGGTAGGTCTGGCAGA-1,0.50674057
ATGTACCAGTTACTCG-1,0.48463514
CTCGTTCACGACTGCA-1,0.45842117
ACGCTCAGTGCACCGT-1,0.4882333
AGATGCGGCTAGTGAC-1,0.4861422
TCACTAACGTATAGTT-1,0.52735245
TCGCGTGCGAATGGTT-1,0.48019484
CGGTTAGGCCTGGACG-1,0.49372786
CTCGGAGCGAATCATG-1,0.43812272
GATATCACCAGCATGG-1,0.49544096
AACTATTGGCGGATTC-1,0.46516362
TCGCCTTGTTCTGATT-1,0.5153318
GCACGCGTGACATCAG-1,0.48576614
CATACCTACCGAAGGA-1,0.5221034
CTAACAAGGTGATCAA-1,0.49570134
TATCCGGAATGAGCGG-1,0.5317082
CGACTATCAAGCCGAC-1,0.5362723
CTCCAAGTGAGCCAAT-1,0.48811683
GTTGACGCTCGATGGC-1,0.5052481
ACTGAGCAAGAACACG-1,0.5333658
CTTCCGAGACATTGAT-1,0.49968037
TGCATAAGTTCCTGAA-1,0.48447186
CGCCTCGGCTACTCGC-1,0.5031604
GGCATCGAACCTCATA-1,0.492392
TAGTGCACTTGTACCG-1,0.5296291
AAGCGAGCCGTCCGCT-1,0.502651
CACGAACGGTCTTCAG-1,0.50446457
GCGGTGGACATCAATC-1,0.47999787
GACGCCGAACTTCCGT-1,0.4869074
CTCCAGTGGTTCTAGG-1,0.51695657
CGCTCGTTATAGATCT-1,0.5020164
CTATCGATCACGATTA-1,0.512284
TGTCAAGAACTCGGCG-1,0.532772
ACTACCTTGGTTGACC-1,0.50624585
GGCCATGCGTCTGTCG-1,0.4825262
GTACGAAGGCGTCTAT-1,0.47690725
ACAGAATACATACTAA-1,0.48125634
AAGGTTACTATGACGC-1,0.48746812
GGTGTCATACTATTAG-1,0.50896305
CGTACATCGATGTCTT-1,0.46414584
CATCGGATACGCACAG-1,0.44186246
CGGCTTCCTACTGGTT-1,0.4691292
TGCATTGATAGACATA-1,0.47149697
TCAGTCGAGCGATGAA-1,0.460641
GACATCAGATTCTTAC-1,0.44192383
GTCCGTACGGATGCTC-1,0.45914412
CTTCCTGGTGTTGGAC-1,0.4571292
CTACGCCGCATGAATG-1,0.49558872
CAGTCTGGACAATCTA-1,0.43415305
GTACTTCCATCTGGCA-1,0.4607238
TCAGTCTGAGTGCTTG-1,0.4324933
ATGTTACCTCGTCTGT-1,0.45164126
CCAATATTAGTGCGTT-1,0.4386066
GGTCTGTATCTTGTCG-1,0.44999874
CTGTTGGATCAACGCA-1,0.5070476
ACGCAAGGCGTCCAAT-1,0.44051823
ACTCGACGTACACGCC-1,0.5123092
CCACGCCTGGAGAAGT-1,0.4899058
GTACTTGGTTCGCTTA-1,0.5180867
TCTGCAGTAGTTATGA-1,0.45999318
GATAGATATGGTTCCG-1,0.5098937
CCGTACTGGACGCAGA-1,0.4599488
ATGTACTCGTGGCTGT-1,0.4737676
TGGCGACACTCGCATC-1,0.47439322
GGTGCGTGGAGTTGGT-1,0.46530572
CTGTGCAACATTGAGG-1,0.5309021
CCAGCATCTACCGCTT-1,0.5238391
GTATGTTAGACTGCCT-1,0.4817649
TCCGAGACAATACGCA-1,0.5093365
TGGTTGCCAGTGTCAA-1,0.4795927
TAGGTCTATGGATTAT-1,0.5111503
AATACGAGCAAGCCAG-1,0.51200503
ACGAAGTTCCAGCACC-1,0.46135604
AACGCTTCGAGTAACT-1,0.47899103
TCAGGTTGGCCTTGGC-1,0.4580907
CGTCGGTTAGCGGTGA-1,0.52032036
GCTGACCACGTCTTGG-1,0.5420887
CCACGGCTGGCAACCT-1,0.4620287
GATGGATCGTGGAGGT-1,0.50460136
ACTTGACTGAGCACGA-1,0.5002227
ACGAGGCTTAATCACG-1,0.52209514
TGGACTTCGCGGAACT-1,0.48684013
ATGGAGGCCGCTATCC-1,0.52900106
TGTTGGAAGCTCGGTA-1,0.49067867
TGCCAGATACGACTGG-1,0.48200035
CCGCACAACGTGGTCA-1,0.5151084
ACAGTATGCCTGGATG-1,0.5116494
CCTCGCTTGAAGGTCA-1,0.4838912
TCATAGTACTAGTTCA-1,0.54276985
CTCATATGTCCGTGAC-1,0.58046645
TGGAAGCTAGTAATAC-1,0.4810787
TATTCGTCTGCGGTGG-1,0.5336715
GATCCACGAGCGTGCC-1,0.52892154
GCCAGTGCTCTACACT-1,0.48365277
GAGTCTATTCCAGGAC-1,0.47522274
GTACGATTGCGATGGC-1,0.46295452
CGACGCCAGAGGAACT-1,0.45683417
GCAAGAGTCGGTGGAC-1,0.52520853
TGGTGCCTGTGGTTAC-1,0.499283
GTGCTACGTTCTAACC-1,0.48488098
GAGTCCTGTTACATCT-1,0.512274
ATACATGCTGGTGCAG-1,0.49914947
CTCGGATTGAATGAGT-1,0.5256289
TCCTTGAACGATGGTC-1,0.46177337
CACGGTGCCGGACCAC-1,0.5069377
ACGAGGCTAGGTGGCT-1,0.49664646
ATACTCGTCCAACTGC-1,0.5055973
GCTTACGCAATACTAG-1,0.5181554
TACAAGCATAGGCTGG-1,0.49156985
GTTATTGTACGTATAC-1,0.49475005
ACAATATGAATCATGA-1,0.48600197
CCTCGGCGCCGATTGA-1,0.4935262
TCATCCGATTGAATTC-1,0.50088066
GTAGCGCTAGATCCGT-1,0.5312812
ACGCATCGTCGAGCAG-1,0.52008164
AGACCTGATAACAGTG-1,0.5264928
ATTACTTGAGCAAGAT-1,0.5446676
GGTTGATAAGTACCTG-1,0.49676058
GAGTCGAGCGTGCTTC-1,0.48327142
TCCAATGCAAGTATCT-1,0.5076592
ACTTGAGCACGAACAT-1,0.5288092
TCTTGCGGCCTTAGTG-1,0.5161586
TGTCCTTCGCCTCGTA-1,0.5074712
GGCGCCGTGGTTACAT-1,0.5523169
GTCTATTAAGCACTTA-1,0.5428951
TGCGATACGCCTCGCA-1,0.5078207
GATCATCGGTGCGTTC-1,0.5009462
TAGGAGCCAGACTCAG-1,0.50770277
TCTGGTAGTGCAGCAA-1,0.53189254
TGAATATGAGCCGGTG-1,0.55927944
GGCGTGCGCTAGATTA-1,0.4584454
CCGGATCACTATGGCC-1,0.5169212
TACGTGAGGACAACCG-1,0.45970184
ATTGCAATTATGGTTG-1,0.49288946
CCGGTGGCAAGCCGTA-1,0.44672388
GCCATTCTTGCAACCA-1,0.47180107
AGCTGATCGGATTGTT-1,0.43131194
GATGCCACATTATCAC-1,0.477089
TACGCTGATAGCAGTC-1,0.4094272
GCCATTGATACTCAAG-1,0.37816498
GCGTAATTCTTGCCTT-1,0.41123644
ATCAATGTCAACTCGG-1,0.42220008
TACACCGGTATGTATC-1,0.46256366
CCTTATAGGCGAATAC-1,0.4852782
CTTAGTTCACCGCCAG-1,0.45930305
GCGAGGTGCTACCTCG-1,0.4760512
GTCTTGCTTGATCCAC-1,0.5006665
ATTGTTATCGTAATAC-1,0.5167964
ACGCAAGCTCCGCTTA-1,0.5205829
TCCAATGTCCACGAGC-1,0.5350918
GGAGACATGACCTAGG-1,0.5000738
GCACCTTCGCGGTAGA-1,0.4763892
GTTATCCTATACTGGC-1,0.53060067
TAAGTGCTTGACGATT-1,0.47640046
CGGAGCGTCTGACAGT-1,0.51535887
GCCATTGAGTGCTGCG-1,0.47074157
AGATCAAGCATCTACT-1,0.4907324
TGCGCAATTGATCATA-1,0.49065185
CCTGTCGAGTGACAGA-1,0.50676024
TGCTACATCACCGGAT-1,0.5006806
ATTAGCATTCCGATCG-1,0.5187009
CTGATCCAACGCACAA-1,0.4885259
CACTCGGCGTATCGGC-1,0.48861837
AACCGCGGTAACTACA-1,0.5076903
CATTAACTAATCGCGT-1,0.49581414
ATTGACCTTCGGCGTC-1,0.517829
CCAGCAGGTCTTGTTC-1,0.45644644
CGCTGCGGTTGAGTAG-1,0.5269523
TACCTGATCGATCTCG-1,0.47252566
GTCACCTGAGATTGGA-1,0.531579
CAGTAGCACTACATTG-1,0.5375702
CGGCAATCGATAGCGA-1,0.46657562
AATACAATGCGAGCAG-1,0.43638286
TGGTTGGATTGAGCTG-1,0.495244
TGATTCAACGACAAGG-1,0.5167403
AGTTGTGAACCTGATG-1,0.48394623
CGAGTCAACAATCTGG-1,0.49318007
GGTGTTATTCGATCGA-1,0.45461777
TACAGCCTCGCATTGC-1,0.46437052
AATCGGCGCCAACGGT-1,0.46460295
CTATTAGCTTCCATTC-1,0.49911252
TGACCTCACGCACGAG-1,0.49623814
GTTGACTACAACATAC-1,0.536757
GATCACGGCGTCTGGA-1,0.49106374
GCACAGGCTCTACCAT-1,0.53030765
CAAGGTCAGCGATGTC-1,0.47841555
GCTTCTGAACCGCTAT-1,0.5077117
GCGATGCCTCTAAGTC-1,0.467841
GTCTTGAAGATTCATG-1,0.5067391
TACGACTGATAATCGC-1,0.46488202
ATACATGCATGATCTG-1,0.49859077
GGACGGTATGCGGCTG-1,0.5151904
TCAATATTCGACAAGA-1,0.5172253
TAGCAATACTCGAACA-1,0.51283747
GACTGACAGGAACCAG-1,0.48304823
TGATGGCGCAGGCTAG-1,0.48708063
CCTTATGAGGCGTTCC-1,0.49482885
ATTACAAGCAAGTGTC-1,0.5005824
CAATCTTATTAGAATG-1,0.5382873
CAGAGTCAATCCGCTG-1,0.47016722
GTACTTAGTTGCGAAT-1,0.4772691
GGTAGTGCATGAAGTG-1,0.50968635
CGTTAACGAGAAGGAC-1,0.4830882
GTGGTTGCACGCGGCA-1,0.51022094
GGTGCATCCAGAACGG-1,0.499946
ACCTGCACTAGATGGC-1,0.5346081
TAAGATTAGATATTCC-1,0.49827436
CTTACGCAGAGGCTCG-1,0.4925843
CAATGCAGATCATAGA-1,0.5284568
GGAATGCACCTCAATA-1,0.50666153
TAGTGACCAGTTGCGG-1,0.5017032
ATGACCTCACGCACTG-1,0.49404684
TAGACAATACTGGAAG-1,0.521753
TGCGAATCCGGCTTGA-1,0.5367508
GCTCGGACCTTCAAGT-1,0.53797835
TGGTCATCTAGGTCAT-1,0.5251315
GAGGCCATGGCTCGGA-1,0.50672144
CTACTCGGCGTCTAAT-1,0.5204303
AGGATAGAGTTAATCA-1,0.4911153
ACTGATGTCCACTCGC-1,0.48021156
CTGCATTGAGCACGGA-1,0.4987996
AACTTGCTCGTAACCG-1,0.48920617
AGCCAGATCAAGATTC-1,0.53058296
CCAGTTGTGATGCAAG-1,0.47762755
AAGTCTTAATAGAACT-1,0.52823883
AATAACTCTAATACAG-1,0.5271755
CACGATAAGGCCTAAG-1,0.4490704
CGTTGGTGGCGTCTGC-1,0.4945249
AGACCGAAGACTACTC-1,0.45209217
AACTGCAATACGGATT-1,0.46794075
GGTCTGTTCACTAATC-1,0.4674525
CATTGTCGGTCGCTAG-1,0.45533466
ACTCCTGCGGCAACCA-1,0.43274814
GTTCATTGCCTGAATA-1,0.49933794
GTGAGGATCTCAGCCT-1,0.3927346
TGGTAGACGTATTAAT-1,0.42273647
CACTCAGAGCAACCGG-1,0.4408171
ACTGAGGATAGGCGCT-1,0.39976683
ATAGCTGTGAATCGGC-1,0.47673738
CCTACGGTAAGACTCG-1,0.441655
TGACCAACTTGGTCAA-1,0.50546354
CTTCACAAGTTCCTCA-1,0.52355
GAAGTTCTGCAGTTCT-1,0.50856566
AGCATCCTGACAGCCG-1,0.4672011
CTGCCTATACATCCAT-1,0.5070754
GACTAGGCAGACTTGG-1,0.46624318
CGAGGAACGCTGTCCA-1,0.49454868
CGCCTATTGCCTCGCC-1,0.47408587
GAGCCAAGCGCCTCAC-1,0.4952993
ATGTACCTTCACATTA-1,0.4785313
TGGATTAGTACATTGC-1,0.48174897
TCGGCGGAACATACGC-1,0.5148064
TAGCTAGACACTGGTT-1,0.45276198
CTGTCACTATGTGCAT-1,0.49119866
ATGAGTATCAGATCTG-1,0.47157574
AAGCGACGAACCGCCT-1,0.5228709
TCAGAATCCTACGGTG-1,0.5447553
TCACATCCTTATACAG-1,0.53569156
CGATGACCAGATCTGT-1,0.5255004
ATGTACTGGTCGAAGC-1,0.45863697
ATGAGTCTAGATACTC-1,0.5350997
ATACTGTCCACTACCG-1,0.48807368
ATGTAGGTGGTCTAAC-1,0.48898795
TGTATGGAACTACGCA-1,0.51623774
TACTAGACTAGTGACA-1,0.51489383
GGCGCTTCACCAGCGA-1,0.5050946
CATCAGAAGGCTTCGG-1,0.5190667
TCTACATAGACGTGAG-1,0.47034448
AGGAGCTATGAACACT-1,0.48513466
TCTTGTTACCGGTTAC-1,0.42993587
CATCAACATAACCGAT-1,0.5462553
TCCTGACAACGCTCGT-1,0.46570048
TCGCCTGCACGGAAGG-1,0.4662551
CTATAGGTTGATGCCT-1,0.48916578
ATAAGGAGCCGTGATG-1,0.4368627
ACTAATTCTATGCGCA-1,0.48453712
AGATAGGTGAATTGCC-1,0.47766313
GAATGACAACAGAATA-1,0.422193
AGTCGTTGCCGCCAAC-1,0.44125506
AGGAGCGAATGCGTTA-1,0.46323332
TGTCATGTGACACGCT-1,0.4753645
TGCACGAATGTACTAA-1,0.4924046
AGTGCTTCGCGGACGC-1,0.46742156
GTCGAGAACTAGACGA-1,0.5175072
ATCTTATCAGCAATAC-1,0.4933651
CAGACGCACTACTGAC-1,0.5565939
CCTTCCACTGCCTAAG-1,0.45437098
ATAGTTCCTAGGCCGG-1,0.50329524
ATAGAAGGAGCAGTAG-1,0.48140514
CGGTCTGCGGACTCTG-1,0.50758815
AACGCACTGGTGCTCG-1,0.50262684
TCGACCTGCAGCTCAG-1,0.48249313
TACCATTGTCCGCCTT-1,0.49896586
GAAGCTGCCTCGTGAG-1,0.51826066
GTCGAGTGCTCCTTCG-1,0.5180095
ACTTGAATGTATTGGA-1,0.47565696
ATCAATGGTTGTACCT-1,0.51093763
TACCTCAGCGGTTGAT-1,0.47180653
TCCGAATACCGAATAG-1,0.5061841
ACGGCCTGGCTAAGTT-1,0.502734
CATCCTTCGACTAAGT-1,0.48579505
GTACGGTTAATGCAGG-1,0.4672984
AACGACATTAAGATGG-1,0.48745278
AGGAGTACAGTGCATA-1,0.48345447
ATCGAATCTAGCAGAC-1,0.48078403
GAATCATTATGAGCTG-1,0.4835029
TCCAGTCACGGTGGCT-1,0.45132518
TCTGTACCTCACTCGC-1,0.50239307
CTGACTGGTCTACCTT-1,0.46308148
TAGTGCGTGGAGAAGT-1,0.49141827
GCATTGCTGTTCCATC-1,0.47935593
CTGAAGCGTGGTGAAG-1,0.50811636
TCTGCGCTTGCAGATA-1,0.4969295
TCGCACCTCATGTCAG-1,0.4941832
ACATCTCGCATAGAAT-1,0.47250968
CCAACTTGCGTTAACC-1,0.45700827
AACTAGCCTAATAGCA-1,0.4990925
AAGATGCACTATACTT-1,0.5169837
ATGTGCTAACATCGAA-1,0.48353606
GGTTGACCATTGCTGT-1,0.5292641
ACTGATACTCCATTAC-1,0.519027
GTGGCGCCAACAGCTC-1,0.47371736
GTAACCACCTACAACC-1,0.49777666
GCCTTAATTGACGGAT-1,0.4866754
TGGCGAGCTCCACGTG-1,0.5016366
AACTGGTCATGTGGTT-1,0.48594332
TGCTACGCTGCGTGGA-1,0.49088648
TCATCCTAGGACTCGC-1,0.51748145
AGGAGCAGCGTTAATA-1,0.4906507
CGACAAGCACTCAGCC-1,0.5143345
TAGCGTCTCGGTCTAT-1,0.49952802
CCTTAGCGTTCGCAGG-1,0.50551254
CTGCCTAGTGAATAAG-1,0.5153977
ATAGTGACGAATAGAT-1,0.4658815
GACGCTGTACAAGGCG-1,0.513866
ACAATAGGATCCAACC-1,0.47311068
CAGATTCGAACAGGTG-1,0.49013856
GGCCGGCTTCGTCAAC-1,0.4708754
CTAAGAGGCTATGTTC-1,0.48164108
ACTATTAGCCTAATCG-1,0.5112212
GGCGTGAACTCAACGG-1,0.4701932
CAATCCATGCCGATGC-1,0.5094642
CGGAGCTCCGATACCT-1,0.4823613
TACGTGATGGTAGGAT-1,0.52648604
GACTTGCTTCTAGGAG-1,0.52339727
GTACCTCCTGATTCTT-1,0.47104606
TCGATAGGAGCTGCAG-1,0.49353603
ATGTACGGTGGCGTAT-1,0.52286875
GGTGTATGTTCCGATC-1,0.50794494
TGGCCAGAATCACTTG-1,0.5202839
GCCTCCAACAGTAGCC-1,0.4986237
GGTAACTCAACACTCC-1,0.52494353
TCCTCAATGCTAAGGC-1,0.49035236
CGAGGAAGGCAGAAGG-1,0.49279553
CAAGCATGCCTGACTT-1,0.5093937
TCGGAGCTGAGTCGGA-1,0.49574968
GCGTTCGATCTTGGCC-1,0.53758585
AGATCTAACGTAATGT-1,0.47278962
AGCGCAGATGAGGTGC-1,0.46252516
ATTCAGTCACCGCCAT-1,0.46045613
ACTCAGCGGTAGATTG-1,0.4659215
TAATACCATTCTAGAT-1,0.49389088
GCAGATAGTTGGAGAC-1,0.50318724
GGTAGGCCACATGCAA-1,0.50099736
CGCACGCATAATGGTG-1,0.47623137
ACTGCAAGGCTTCTCG-1,0.4715464
TCCGTCATAAGATGAC-1,0.4839344
TGGTGCGAATCCTGCT-1,0.48799416
CGCCAACCTGGCGAAT-1,0.50699824
CTTCGAGTGATGGAAT-1,0.50834316
GACCTGTCGATTGCAG-1,0.5153115
TACTCACTACTCACTC-1,0.50319105
CGAATCCTGATAGGTG-1,0.49718884
GACGAGTGCTGGAGAT-1,0.4865296
AATCTATCTAACCGAG-1,0.48922083
GGAGACTATTGTGACA-1,0.49580336
TATTGAATGAATGTGG-1,0.45201236
CATAGCTTGACAACGG-1,0.50372463
ACCTCCACAGCTACGT-1,0.5348883
GTGGATAATCATAATC-1,0.505238
TCCTAAGCGGTTCATC-1,0.46548554
TCGGTAATAGCGGTTC-1,0.49623343
CTGTTATGGCCAGCGG-1,0.5317423
GGACTCACTAGAGCCG-1,0.5003628
CTCACCGAGGATCCGC-1,0.49509743
TAACGCGTCAAGCGTT-1,0.51259017
GCTGACCGCATCGGAT-1,0.49961478
CCATTATCGTTACCTT-1,0.50266623
TCATTACGGCACAGTA-1,0.4810973
CTGCATTGAGGAGCCG-1,0.44282475
AGCATAATTCCAGATA-1,0.5104109
ATCAATCTGCAGGACC-1,0.47816002
CTAGCCGATTCAATGC-1,0.45718682
CTCACCTTATCTCCTT-1,0.5072511
TAGTGCAGCTGGCGTC-1,0.4924939
CTGATTAACGCAAGAA-1,0.51291126
CAAGTCTTGGCGATAG-1,0.5245667
TACACTCAGTAGAATG-1,0.46541187
AGCATTAGACGGATTG-1,0.4750558
TACATAGCAGACCAAG-1,0.49510577
ATTGCCTTGTCTAAGT-1,0.4525665
GATACCTCGCGACTGC-1,0.51085407
TCGGACGTTGCCTCAG-1,0.50254774
CCGTGGCGTCGGTGCT-1,0.49847907
AGGATACCTCCGAGCG-1,0.5248141
TAACCAAGGTGCTCTA-1,0.5074005
ATACTGGACCACAGCC-1,0.48337334
TCGTAAGGCGTTCAGG-1,0.49599448
ACAACCTTGGTGTCAA-1,0.502225
ATTAGTCGTGTTATGC-1,0.46550557
ACGCGTAGACTCAACT-1,0.4916269
AGATGAGGCGCCTCCA-1,0.50360996
CATTGCAGCGAAGACC-1,0.48329905
TAACGAATGCTCCAAT-1,0.48267213
CTGACTGGTATGATAA-1,0.4944871
ACAGGCATTGAACCAT-1,0.5198764
TCGTATCCTGATGCAA-1,0.50835365
TGCTATCCTAAGACGA-1,0.5147962
CTAGCACGCCAAGCTT-1,0.52357364
GGTTCAAGGTTAAGCC-1,0.49223697
GGACGGCTATCGACCA-1,0.5023797
CCGCATAGTACAGGTT-1,0.49996573
TCGATCGTTGTCTGAA-1,0.4871742
GGTCATGCTCTGCCAA-1,0.51464367
CGTTCCTGTCACCGTG-1,0.45866427
CGCAGATATGGACAGT-1,0.5032492
AGCAATAACAATTCCA-1,0.5071545
GTTGTCGTAATATGGA-1,0.48215944
AGGCGATTCCACTTCT-1,0.49194252
GAGTAGATACGTCAAC-1,0.48356098
CGGCTGTACATGATGT-1,0.47140056
GGTTAGTCGGCAGCGA-1,0.4710743
TGGAGTTGAGTCGACA-1,0.5032224
GATGTTCTATAGGATA-1,0.46406376
GTCAGCCTAATTACGT-1,0.4828075
ACAGGCCTTCTAATGC-1,0.49635065
CCTTCATAGTACTTCA-1,0.4909945
CTATGTAGCGCAGATA-1,0.50669837
GTGAGGTCACAGGCCA-1,0.5114375
TCGACGAAGCAGCTCA-1,0.4909282
CTATCGCAGTCAATGG-1,0.4933749
GTTCCGAGTATGATCG-1,0.5382452
GCCTGGTAAGGCGACT-1,0.5059772
TACCATTGGTCTCCAA-1,0.49337044
CGGAGCGTAGAATCTT-1,0.5122367
TCAGTGTAGGACGTCG-1,0.5001598
GTCTAATCGAATTGGA-1,0.49372634
GGAATGTCTTGTGCAC-1,0.47084814
CGCCGGACTAGGTACA-1,0.4955383
GGTCCGGACGAGTGAA-1,0.53761965
ACGTTAGTACTGGACA-1,0.47267017
TACAAGTGGTCTGAGG-1,0.4730872
TGTAGGAGCTTCAATA-1,0.47797415
GAAGTCCAATCGTGTT-1,0.51474476
CTATCGTATGGTGATG-1,0.5004593
AGTGTAGCTCTTATCT-1,0.51977736
CTAGACCTATCGTGCC-1,0.5057773
TCCACGCTGAGTACTT-1,0.54183525
AACCTACCTACCGGTT-1,0.45783526
GCCGATACGGTATCAG-1,0.5191061
CTATCCGTACGTTGGC-1,0.4880663
GGAGATGTGCCATAAC-1,0.5025064
CTTCTGAGGTCGCATA-1,0.5094731
TCCATGTCGGACCGAC-1,0.5250565
AGCGTGCCTGTATGCC-1,0.47638866
TGAATGGTGCTTCGAT-1,0.49379718
CACTGGTGGCGTCGTT-1,0.5038412
CGACTAATCGGCTCCT-1,0.50162417
ACTGTAGAGTGCCGGC-1,0.5072335
GAACTATCGTCTCGTC-1,0.5654831
GCCGGCGTAGGTGACG-1,0.48469585
ATTCCTTCGAAGGTGC-1,0.50643814
TCAAGGTACACGAAGA-1,0.45152652
TGAGTTGTCCTCGCTT-1,0.46876842
ATGCTGCCTACTGCAT-1,0.4820978
AAGCAAGAGCGTGATC-1,0.47072366
CGTGTAGTATTCTTGG-1,0.49734625
TATGACTCAATGATCG-1,0.5238074
GTTCCGTACCTCCACT-1,0.44346038
TAACCGTACCATCCTG-1,0.4860815
TGCTTAGCCTGTTGGT-1,0.4729327
GAGTGCGTACTGTAAC-1,0.5127265
CTGGTGCACCATACCA-1,0.48182994
TAGTGCACATAGTCTG-1,0.49391505
ACTCGATAAGACCAGG-1,0.5120793
CCTAATCAGGCCATTA-1,0.51883125
TCTGGACGCTAAGACA-1,0.5134857
TATGGAGTTCTACGGC-1,0.50396657
ATACGGCACGTTACGA-1,0.48623535
TACATTGAATACGATC-1,0.49965906
AGTACATATGTAGGAA-1,0.48539993
CGGCACTCTAGCGGAA-1,0.48798802
GGATCGAGTGTCCACT-1,0.46985722
GACATCCTTCATTATC-1,0.45434725
GTAACATCTTATAATG-1,0.45448884
TGACCAGGCTCATGCA-1,0.50885767
TAGCCGCAATACCTGC-1,0.4611779
AAGGACCAACATGGCT-1,0.480199
AATTAGCAACCGTTCC-1,0.51096797
CGTGTTGGACGTCTGG-1,0.45850143
CGACCAGAACTGTCAT-1,0.5162132
TATCCGATCTTGGCGG-1,0.49142754
CGAGGCATCCAAGTCC-1,0.48900023
TGCCGAATCAAGCGTC-1,0.5016387
AGCACGATACCTAAGC-1,0.4390724
ATTGACGCCACCTTCT-1,0.49983734
GAGTTGGTATTAATAG-1,0.4889517
AATGGTCGATACTCGG-1,0.48608375
ATGTGCTTGTGCTACC-1,0.47182527
GAGGTGCGGCTGACCA-1,0.50396836
GTAATGATCACGTAAG-1,0.4572867
GATGCCGACAGATATT-1,0.4580994
TGGTACCAGATTGTTA-1,0.48426563
CTTCATGCCTAGACGG-1,0.47676805
TAGGCATCGGAGCCTC-1,0.4509393
ATAGTTCATCGGATCT-1,0.5020308
CAGCGATAATGCGATT-1,0.4828231
ACTATTGCGAGCTAGA-1,0.51541436
CTACGAATCAGCCTGG-1,0.5226677
TCGCGGTAGTATGATC-1,0.487469
GTAACCTAGCGTCACG-1,0.5224906
TCAGTCGAAGTATCTA-1,0.49026284
GACCAATTGCGTCAGA-1,0.5079945
GGTTGCGATTGAACAG-1,0.48903546
TCCTATCCTGTCAATA-1,0.50597805
GCCGATCTCGTGACTC-1,0.4624963
GTGAATTAGACATTGC-1,0.5214828
CAATCCGAGGTGCTAG-1,0.5194878
GTGGCGACCTAATATT-1,0.49789956
GCAAGCTTATTGACGT-1,0.4712631
CAGTAATATCACTACG-1,0.5233749
ACGAACATAGGATCGG-1,0.50082344
AGCGGTTAATCGAAGT-1,0.519773
GTCTAAGCGGCACGCC-1,0.5047044
AGACTCGACTCCTAAT-1,0.50201374
CTGCCTGTGAGCCAGG-1,0.50948054
ATCGTACAACTGGCTA-1,0.51326144
TACAAGTCGAATGCAA-1,0.4415187
CGGCTTCTACGATATG-1,0.53495044
GTCAGGACAAGCCATG-1,0.4760583
TAGTTCGTTGCTAATT-1,0.48746818
AACTTGGTTAATACTA-1,0.49148875
CGTCGGATCGCAGAAC-1,0.46231905
GAAGCGTATCATCGTT-1,0.50651145
AGCACTGCATCCTAGC-1,0.5090231
GTTGCTAGATCGTTGA-1,0.5050587
ACGTTAGGCTCAAGCC-1,0.5026653
CAATTACAGGTGTCAT-1,0.531767
CGTGAATGGTCCTGCG-1,0.51173526
GTCAACATAAGATAGA-1,0.49942595
ATTACTCAGTTAACGA-1,0.487096
GGTTAGATGCCGTTGC-1,0.51780754
GAGCTTGATGGAAGCT-1,0.5101163
CGCCGATTGTCCTTCG-1,0.546928
CGTAGTCCGAGCATGA-1,0.5233177
TGCAGTTGTCGGAGCG-1,0.5063141
ATAACGGCAAGACTCC-1,0.50686955
ACAGTCACAATATTAG-1,0.4909567
TGAGCACCTCGACGTT-1,0.496514
ACCTGCCAGAGGATCT-1,0.48468152
ACAATACAATCCTTAA-1,0.49059963
CCGTGCACTACCAGAA-1,0.4480217
CGACTTGCACGCCTGC-1,0.47097108
TAACTTAACCTCGGTG-1,0.4935741
AACGCATGCCTCAATA-1,0.51262105
CTACCTGTGCGATGTA-1,0.49544972
GAGGTTAGATCGAAGA-1,0.51668316
GGTAGCCAAGGTACTT-1,0.49172434
TGGCTCACTCAATCAC-1,0.51791555
GGTAGTTGAAGTCCAT-1,0.49641597
CAGAAGATTAGAATGG-1,0.5280382
TGCGAACATATCGGCT-1,0.51351327
ATTCGTGCCGACATGT-1,0.47756502
TGCGATGTGCCTTGGC-1,0.48701984
AACAGTCCACGCGGTG-1,0.46337953
CTTCCACGCCTTCCTG-1,0.53405213
CAATCGTGAAGTGATA-1,0.48579675
AATACGCATATCCAGA-1,0.48813263
CCTGAAGCAATGCACG-1,0.4655343
TCCGTTGGAGCTCACT-1,0.46322653
AGACTCCTTATCATAC-1,0.44808796
CCAGTGTCACAGCGCC-1,0.48305953
ACTACAATGACCGTAA-1,0.4769283
TACTCCTGAAGGATTA-1,0.48128036
ATGATTGATTCCGAAT-1,0.49885392
AGTGTCTGAACTGTGG-1,0.51386386
TAATCGCAATGTAATA-1,0.5047881
AAGATTAGGCTGTCTA-1,0.47442833
GGCCATGCTCCTCGTG-1,0.49793965
ACAATACACTTCCATC-1,0.50290734
CACCTCGAGGACTCTA-1,0.50087655
GTTCTACTATCATATT-1,0.50485724
TAGCGTTATGACCTCC-1,0.5265964
CGGCCTGTCTGTCTGT-1,0.5217405
CCTGTCTTACAATCCT-1,0.52093375
GTCTAGCATGGTACGT-1,0.47516152
GCCTGGACCTATTGTC-1,0.4952871
TGTCCTCAACGTTCTA-1,0.4975903
CCTTAGATCTGTAATA-1,0.48745233
ACTGTAGCAGCTTCTG-1,0.48416367
GTAGTCCATTGTTCGT-1,0.49756852
TAGACAGTTCAGATTA-1,0.4914102
CCACTAATCACCGGTA-1,0.44865537
CAGATACAGCACTCGT-1,0.5140939
AACTGCGGTCCGAAGC-1,0.4868634
ATCATTCCAACTTCGC-1,0.47679028
CTGATTACAATGTCCA-1,0.49066722
GTGACATATGCTAGAT-1,0.47242314
TAGGTCTGCCTCTGTA-1,0.49626926
CAGCTTCACTACCGTG-1,0.4734405
TCTTACGAGGCCGACA-1,0.43994117
GACTAGATTAGCTAAC-1,0.5115406
CTAGCCGAAGATGGAC-1,0.4887103
CTTCTGAGCCAGGAAC-1,0.47210336
GACAATGACAAGCTTA-1,0.49495605
TGTTGGATGGACTTCT-1,0.47558042
CTTAGTGGCTAAGACG-1,0.4928678
GTAGCGCCTGAACTCA-1,0.49572372
CGGAGGCTAGTCGGCA-1,0.5057813
GGTTACAGCCGGCCGG-1,0.52618605
GCAGCGATCTAACGAA-1,0.47130963
ACGAAGCTCATCCTCG-1,0.5420215
AACTGCGAACCTTACC-1,0.49318597
CCGCTCAATCTGGAAC-1,0.49813503
TGTCTAAGCAGACGTA-1,0.4891206
TAGACCGAAGCAGAGC-1,0.4709633
TATGCTCCTGGTTAGT-1,0.5137542
TCGGAATCAGCCTAAC-1,0.47202727
TAGCTACCTGTAGGAT-1,0.48812178
GATCGTAACATTAATA-1,0.502431
GTCTTCGATAGGTGTT-1,0.52560496
AATTAGCTTAGGTGTA-1,0.50165075
GTCAGCCATTGTGCGG-1,0.5288764
CGTAGCCTTGAGCAAG-1,0.4622116
GCCATTCTCGTGTAGA-1,0.47510824
CATGCATATTCTGCCT-1,0.47458786
CCTAATAGCGGACAGA-1,0.5144537
TCCTTCCAACCGCAAC-1,0.44999042
GTGCGTTCACGGATAA-1,0.52600855
CTTCGATGGACGTACC-1,0.48580277
AGTTAGAAGGACGAAT-1,0.5296748
GCAGCCGGATGCCGCA-1,0.5045563
TCGTATCAACAGCACC-1,0.5213997
ATACATCACTGTCCGG-1,0.4753792
CTACTTATGAACATAA-1,0.48718056
ACTGTATTCTAGTCCA-1,0.5185655
TACGTTACTGGTAGCG-1,0.49581113
GCGTTCGAGGCCACAA-1,0.54336935
GCCTGGAACGTCTGCT-1,0.50534815
TGCTTATGCGGTTCTG-1,0.49376965
TCGCACGATTCGGTGG-1,0.50126106
GTACAGAACCGATTAT-1,0.47616294
AGCTGTACGCTGACTC-1,0.4820333
ATTCATAGTTCTAACT-1,0.5025637
GCAACATCAGTCAAGT-1,0.5123408
CTTGGACTTGTCTGTC-1,0.47021088
ATTCACATCGTCACAG-1,0.50076
GACAAGCCTCGTTAGT-1,0.50294715
TATGTTAGGCCGAACC-1,0.4765402
CTAATTACGCAATGGA-1,0.5150764
TAGATGAGGACGCTTA-1,0.5277719
ACAGGTACCAAGGAAG-1,0.5089636
TAGCGTCTCAAGGTGG-1,0.4746259
CTATGCAACAGAGTCG-1,0.4693146
CCTCGCCAACTACAAG-1,0.5173383
CTTGTAAGCGCTTCAT-1,0.50563765
CGCCGGATCATTAGAC-1,0.5308819
TCCTGGTGCGAGGCCT-1,0.5593688
ATAACTGAACTCCTGG-1,0.5178549
CCGGATCAGCCGACTA-1,0.49660218
TGTCTGGCTTGTCTGT-1,0.5216613
CGTAACAGGTCTTGAA-1,0.47362077
CTAAGAATTGATTCAC-1,0.5001889
ATGAGTTACAGATAGA-1,0.4866905
GATCCATAGGATGTAA-1,0.4817587
CTTAGTCTTCGATGTC-1,0.49337927
CACTACCATACGCAGA-1,0.4814939
CTCAACATCCAGATTG-1,0.48430035
CTGTGCAGATGATAAT-1,0.49986902
TCGCGGAGTTAGACTT-1,0.51860833
ACAACGTGAATTCACG-1,0.5286747
CGTGAGGCCTACAAGT-1,0.48777977
GTAGAATCGCACATCG-1,0.52099985
CTATGTGCCTTCAGGT-1,0.4817207
TGTAGGCACGTACCTC-1,0.48161957
CTTGAACCGAGTTAAT-1,0.49002594
TGGTGCGAACGTGGCG-1,0.5078278
TGCAGAAGCAGTAGGC-1,0.4929474
AACTTCACAATAACTG-1,0.48824242
GACATCCTCAACCTCG-1,0.47816455
TGAGCATAGTCTTATT-1,0.5120703
GCTTCTTGAATCGGTT-1,0.5119068
ATCGTATTGGAATCCT-1,0.5239356
TAGTTACATAGAAGAT-1,0.43490592
GCAACAGCCTGCTCTA-1,0.48202768
CTATCGGCTTAACTAG-1,0.4463734
ACTCGAACGTTCGTTA-1,0.47982535
TGGACTGACGTACCAC-1,0.47938612
GTCAACAGCATAGATT-1,0.48056066
AACGGCACAGAATATT-1,0.48201317
CGGTTGATTGAGCGCC-1,0.48584312
TAGAGCAGACAGTCCA-1,0.47840852
GAGCGATACTCCAGGC-1,0.49542457
CCTCACAATACAACTG-1,0.46768084
TAGGCTCCGGCATACA-1,0.52023923
CCTTCACCGACGGACA-1,0.48570785
TCTGCGTTAGATAGGT-1,0.52959013
TCAACAGGACAGCAAC-1,0.5084379
GTAAGTATTGCTATCG-1,0.52423656
GCCGTACCAGATCTAG-1,0.48978406
TATTCGTTAATGCTCC-1,0.5341753
ACTAATAGTCAACATA-1,0.50613946
CTTAGTCTGTGCATCC-1,0.5013649
GAATGTGCCTAGCAGA-1,0.5213188
GATTCCGCTATCGGCT-1,0.51088184
CTATTCTGCAACGCAC-1,0.49672508
CGACAATCATACGCAC-1,0.49599472
TAGTGACCGTCGATTA-1,0.4950029
ATTGGCCTTCCGTGCA-1,0.519447
AAGGTTGCTGAGTTGA-1,0.50930905
CCGGCGTCCTCATTGT-1,0.4770099
GATGCCAGACATAATG-1,0.5114486
TAGACATGGTTAGGTC-1,0.49166015
GGTACGCTTACCTGCG-1,0.48494467
GCTTGAGCTCTTGACA-1,0.42963892
ACGCAATAGTATACGA-1,0.4730817
CGTAACCTGACATCGA-1,0.49624988
AACTATCTAGCAGTAT-1,0.47128218
CACTGGATCGATACGA-1,0.44978887
GGACGTAGTGTAGAAG-1,0.45057592
AAGGCATGAACAGCTC-1,0.48027578
GTACCTTCATGTGCAA-1,0.48144725
AATACGGTACGGCCTA-1,0.5003933
CAGTCTGTGGCGCTGC-1,0.50704545
AAGTGGTTCCTCGCGT-1,0.5098176
TAAGCCACAATTGCCT-1,0.5037534
TGACGCTCACCAAGCC-1,0.4734372
CTAGCGCCTAGCTTAA-1,0.5032252
GCAAGCACTACCGCCA-1,0.50062793
CACTACAATATTGCGG-1,0.5120101
TACAAGTGTCTGTCCG-1,0.45541254
ACCGTAGGCGGAGGTT-1,0.45447782
TCAGTTCAGAATCTCG-1,0.47965267
TCAAGGCCATAGCCTG-1,0.49969965
CAATAATCGTAGGATA-1,0.4654191
CCACGTGGACTGCGGT-1,0.513907
CGTACAGGCCGCACTG-1,0.5205347
TCCTATCCTCGAATCA-1,0.51078326
GGCACGACGGACGTCG-1,0.51110774
GGAAGAATAACTAACC-1,0.52755374
TCTACACTGAGCTTCT-1,0.52734584
TGCACGAGTAGAGTTA-1,0.48854324
TCTAACTCTATGTTCT-1,0.53269947
CCGGCATAGGCAAGTG-1,0.50086325
ACCATAACTCCTCGTA-1,0.4917981
CAGCATCCTCGCCACT-1,0.51469016
GGACTCACGGTCCAAT-1,0.49868762
AACCTGACAGTGCCGC-1,0.53808564
ATGAGCTACATGGAAG-1,0.4990238
GTGAAGCCACAACCGG-1,0.50074136
CGAGCGTGGACTGGAA-1,0.530112
ATTGACGAGCAGCGAC-1,0.49027574
TGCTATGGTTGCGACA-1,0.54360765
CAGCCTGGTTGAACTA-1,0.52512497
AGCCAGATACTCGAAC-1,0.5093084
CCACTCCAGCACCTAC-1,0.49990264
TCAACAGGCCATGCCG-1,0.48268268
CGACTTCGCAAGCGGT-1,0.50895613
GCGTCCTCTGCCGTTG-1,0.5067941
TAAGATTGGCGGTCGT-1,0.5249245
CCGCAGTGATCACTGT-1,0.4813626
ATCGTCCTAGTACGAA-1,0.55761963
AGCGACCGTTCTATAC-1,0.46163115
CGCCTTAGCGGCCTCC-1,0.48887146
GTTAGGCCTGAACATC-1,0.508744
CGGAACCGATTGAGTC-1,0.45522895
AGACGCTTGGCCTCAC-1,0.49690628
CCAGATAGCGTAGTGA-1,0.49984586
ATGAATGTATCGTGGT-1,0.5440727
CGCCTAGAGCGTGGAG-1,0.49573913
CCGACAAGTATTCATC-1,0.48545545
GTGGCGACCTTGATTC-1,0.5187434
CTATGCCTATTGATCT-1,0.50253505
GGCTAATGTCTAGCGT-1,0.50439763
TCTATTGGCTTCGATC-1,0.48254552
TAACGCGGCTATAGGT-1,0.49659923
CTCGACATAATTCTAT-1,0.50146055
GACAAGGTGGTCCGGC-1,0.47484383
TGTCAGATAAGGTGAC-1,0.49239826
TGGCTGGACCTTAGGA-1,0.4910853
TACGACCGAGCGCAAC-1,0.48521486
CTATGCCACGAGGCTG-1,0.518076
ACTTGAATTAGCCGGT-1,0.51115286
CAAGTCGCAGTCACTC-1,0.52913743
TATTCGTTAACAGGCA-1,0.48621112
AACATCTTAAGGCTCA-1,0.48755035
AATCTGCGAGACGTTC-1,0.49604118
CAAGCCTCCACTATCT-1,0.49477768
GTACGAATTACATAAT-1,0.48201537
ATCTACGACAGCTCTT-1,0.51636475
TCTTGCAGACTGCGAG-1,0.51423144
TCATCTCCAGCCGGTG-1,0.4711619
AGCGTTACAGTCCTGG-1,0.5245873
ACGCGTTCCAGCCTTC-1,0.52358305
AGCTTGGATGCAAGCC-1,0.4938726
CAAGATTAGATGAGTT-1,0.49589345
GAAGCGATTGCCGAAT-1,0.50149316
TCATGAGGCTTGACGC-1,0.48237658
CAGCTGGCGATAAGTG-1,0.521027
TGGCATCGATCAATTG-1,0.49047703
TCCGAATACTCGCTGG-1,0.51600486
GTCTATGGTGAAGAGC-1,0.51368046
TGCACCGGTCACCTCC-1,0.501193
TGGAAGCCATAACAGT-1,0.51232344
GTATTACGGCCATTAT-1,0.50987643
GGTGCACTCCGGTTCG-1,0.5030923
CACTGGCGGTAACACC-1,0.4749829
CGCCACAATAGCTCAA-1,0.53125846
GACCGTATTAGACCGG-1,0.51653206
AGAATTCTGTTGACAA-1,0.461468
GTCTAGGACAGGATAA-1,0.49322593
GACATTATCTTAATCT-1,0.5206962
TAATGATCCGGTTATT-1,0.49773288
GTGGTTGACAAGGAGC-1,0.5257924
CAACCGTACTGATCTT-1,0.49879655
TGAGATGCTCTAATGA-1,0.5236873
CTTCATTGGATACCAC-1,0.5167934
CTAGGACGCAAGCATT-1,0.49725452
TGACCAACAGATAGGT-1,0.5203623
CGCTAGACTTCATCAC-1,0.50444037
AATTGGAGACATGGAG-1,0.5118838
CAAGTACTCCGCATCG-1,0.5080089
TCCAATTAGCAATCAA-1,0.45375958
CAAGTGTTGACGGCCA-1,0.47793314
GTACTTCTGATCCTCG-1,0.4574404
CTACGCTACATCTGTT-1,0.45090112
TACGGAACAGACGCGG-1,0.44267908
AGCAGGTAAGTATCTG-1,0.5073885
GGCCAAGATGGATGGC-1,0.49665534
CATGCAGAAGTCAGGA-1,0.47746396
CGCACTAACTACCGGT-1,0.47759628
GTACTACCGTTAGGTG-1,0.47965568
AATTCTCAGACGCAAC-1,0.50452787
ATTCCATTGTGAACGC-1,0.44290265
GCCGATCGAGTGAAGT-1,0.44456288
CTATCGAGATGCCTAC-1,0.5079301
CTCACCTTCTGAAGTA-1,0.47270176
ACGGCTTAACGATAGT-1,0.52031815
CTGGCGCACTTACTGA-1,0.497812
ATCTACAGGAGTGCAC-1,0.462446
TCTTACGAATCAGTGC-1,0.4945933
TCCAACTGGCTGAAGA-1,0.4684174
CGCACGGCTGTCAGGT-1,0.45365405
AAGCGTTCGTCTGTCC-1,0.5081904
AGCACGGAGGCAGTCA-1,0.5095666
TCGTCAAGCCTAATCT-1,0.49931467
CTGGTTGGACATCACC-1,0.5310161
GGAGTCTAAGGCCGCT-1,0.5185227
TCATGATTCTGATACT-1,0.49526832
GTATGCTTGCGACTAA-1,0.43374628
ATGTGAATCCATACGA-1,0.4833702
ACGGCTTACGTATGCC-1,0.4840281
GGACGGTGCAGTAGGA-1,0.46212125
GGCAATGCGAACTTAA-1,0.5365259
ACCAAGCACTTGCGCA-1,0.53967017
CTTAGTGCGTTGACGC-1,0.50838536
GAGTTAATCTCGTTAT-1,0.5041444
CACCAGGCACGCTATC-1,0.506738
TACACTTCGAGGTGAC-1,0.47884098
ATCCGAGTACAGGAAT-1,0.46739537
ATCCACATGTTGGACC-1,0.46257392
CGTAACATAAGTCATC-1,0.47551185
TACGCCTTGCCGTGTT-1,0.5059852
TCCTGACACTTCACGG-1,0.48300952
CTGTTGCTACTCACAG-1,0.5653496
CGCTATGGTTGGTTAA-1,0.5183909
CCTCACGTTACTCGCA-1,0.508482
AAGTGGACGAATCTAC-1,0.49382335
AGCGTGTATGTACGGT-1,0.51071525
AGGCCTGTCTAGTGGC-1,0.51982254
TGCGGATCATCCTAGA-1,0.5013623
TCGGCGCTATCACGTG-1,0.48145825
TCGCCTGGTGGATTCT-1,0.50008017
CTTGGAGGCCACCTGC-1,0.53067476
ACGTTCCATTACCTCA-1,0.5499681
GGATCGGACGTCTTGT-1,0.49940372
ACCGCAGGTCGAGTTG-1,0.51202035
CCTGGATCTAGAGCCA-1,0.4931583
ATCCGGTACCGTCCTT-1,0.49904868
TCGATCGTGAGGCGCC-1,0.50776094
GTTGCTCCTGAGATTC-1,0.5005625
GACGCTCACCAACCGG-1,0.505326
AAGGCGCCTAACATAG-1,0.5174975
CCTTAATTGGAATATT-1,0.5188328
ATGGAACGATAGTGAT-1,0.48838532
TAGCCGCTGTGGCTGG-1,0.5371037
ACAATATCATCCGGTA-1,0.511005
GCACAGCAGTCTGTAA-1,0.5134559
GACTCGGCTTGCGGAT-1,0.49998653
ATGAGTCCTGAAGTGG-1,0.47854486
CCGCTGGCACCAAGAC-1,0.5294758
ATCAAGTGGTGATGGC-1,0.47918233
AGATAAGTGCTACGAC-1,0.47724527
ACTACGTCTAATGGCC-1,0.5096076
AGGTGGACTTGCCACC-1,0.45676848
CAGTATACTGCAGCAA-1,0.49887636
GAGCCAGTATTGTCAA-1,0.5108875
TAGACACCGGCGTCAA-1,0.49273673
AGCCGTTGCATCCTAG-1,0.538879
GGAACGATAACATTAT-1,0.50489426
GCGGTCGGCGTACCTT-1,0.50571346
ATTGCACGCATAACAG-1,0.5050187
CAGAGCAATGGCTTCT-1,0.51891077
CTGCCGCTTCGGCTGC-1,0.5212398
TGGAAGACGTGAGTAG-1,0.5155148
AACGTCGCGACAAGGT-1,0.48132053
AACTCAGATCCATGCC-1,0.46993327
ACTGACTCTGCTGGCC-1,0.49939847
CATCAGGTAGGACCGT-1,0.54146785
GGTTACGGACGATTAA-1,0.49876612
CGCCTTGACGTGAATC-1,0.47561792
TGATTCAAGATCGAGC-1,0.5387644
CTATCGTATCAGCGTG-1,0.51380044
ATTAGCAGGATGTATT-1,0.48063228
TGACGCTTACTAGACA-1,0.4726255
AGTCGGTTGGTTGGCG-1,0.48349482
GCACGAGCAGTACCGA-1,0.479005
GTATTACGAGTCAATC-1,0.51292706
ACGGCTTCAGGTACCG-1,0.49070433
GTCGTAGACTGACAAG-1,0.51617306
AGGTACAGCTATGATA-1,0.47337297
GTCTGTGGATCTGACG-1,0.49554965
GCCGCTTCTAAGGTGA-1,0.51769763
TGTCGAGTGCGTTAGC-1,0.49127534
ACTGTACAATTCTACT-1,0.5037831
TAGTGAGGTATCGACC-1,0.4896115
GTATGTAGCAGGCATA-1,0.48884338
GGCCAGTAGGTATGAG-1,0.49700555
ATTGGCTAACAGACAA-1,0.48649663
TGGCATGCGTTCACGC-1,0.51605815
CGCCTTACGAGTAGCG-1,0.47425747
TGGTACTGGTATCTTG-1,0.48394394
TCGGAGTTGTCTTGTT-1,0.5176617
AAGAGCAGATGTGCCA-1,0.5102529
ACCGGACGCCAAGCGT-1,0.50690293
TAACGCTCATACGGCA-1,0.49631765
CGTTACAGTGCACTCA-1,0.4948376
ATAGAACGTTCGATCT-1,0.48024717
CCAATCTAACGTGACG-1,0.5034438
ATGCATCCTGACTCAC-1,0.48241243
CCACGATCCTAATCCG-1,0.4578048
TCGCACTCTTGGACAG-1,0.44379032
TACATATGCACCAGTG-1,0.47760475
CACCGAGTCTTGGACA-1,0.4478129
TGCGCCGATCGCGAAG-1,0.50028443
ACGCAACGAAGAGTAT-1,0.49757424
CTATTAGCGGCTTCGT-1,0.48177642
CGAGCTATGTCCTCGC-1,0.47833222
GGTACGGAGCATCAGC-1,0.48907617
AATAACTCTACGATGT-1,0.46650982
CCTAACTTATGTTGGA-1,0.4582996
ACATCGCCACAAGAGG-1,0.47028917
GTATGATAGTATGGAT-1,0.4866325
TGACTTGCACTCACGG-1,0.48811457
AATGCAATCACTGTCG-1,0.4446032
ACGGTTACATCCGAAG-1,0.47228357
ATCTTGGCTTCGTCCT-1,0.49911228
TGACCAAGCTGCACAT-1,0.47902778
GACGGCTTAGGTGCGA-1,0.45027795
ATTCAGCTCCTACTAA-1,0.48284438
ACGGTTCGTCCGACCG-1,0.4841659
CGGCATTATCGCGTGG-1,0.5076339
GTAATCACGCACAGCT-1,0.48360023
AAGCAGTGTAGAATCT-1,0.5053264
AACTCACCGAACTTAT-1,0.5128418
AAGTCTACCGGTTGGA-1,0.46448833
GCTTGCCATAGTGGAT-1,0.5028012
GGAGTGTCCATGTATT-1,0.44613263
CTACAGAACCAGTTGA-1,0.51500523
TGTCTGTAAGCGAACT-1,0.49052516
GGCTTGCCATAGGCTC-1,0.48526302
GTGACTTCCTCACGAC-1,0.52525395
TCCATGCGTCCACCAG-1,0.44407073
TACTATGTTGAATCTT-1,0.51275986
GTACGAAGGATTATTG-1,0.50558263
GTTAGGTACTAACTGG-1,0.4871458
TCAGTCAGCGATCAGA-1,0.5183289
GCCTGTGACACCAGAA-1,0.519308
GTGCAGGCTGGACATG-1,0.51705396
ACATAAGCAATGCGGT-1,0.5277241
GCTCGATGCTCGCATG-1,0.4953298
CTGTTCTGCTCAGGAC-1,0.5158161
TATGAAGCGACCGTCC-1,0.5100798
CAATAAGCGGCCAGAT-1,0.5102846
GCGGTCGTTGATCTTG-1,0.51197934
CGCTTGGCTTGGATCT-1,0.51420796
GCCTGGAGCAAGTTAG-1,0.51756495
CGCCTCGGAACTGTGC-1,0.5051545
GTCTTGCGATGAATGC-1,0.50077575
GGTGCAGTGGTCTTAT-1,0.5484054
TGTAATTGTATCCTCG-1,0.48597
ACTATGAGGTTCTGTC-1,0.5036342
AGACGCGTGATGCATC-1,0.5278329
TGCGAGCCAGACGAAT-1,0.46300185
GGTCTGAAGGTTCGAA-1,0.5035353
CTTACGCAACTCAACG-1,0.5019143
AGCCTCTATGCAGCAA-1,0.4590119
AGACTCTATTAGCGCT-1,0.48347175
AAGGTTGCAGAAGCAG-1,0.4818186
CGGAGTAAGGTGCGGT-1,0.5117146
TGGTACGTGCTGTTGA-1,0.5321107
ATAATCCGTTCCGTTC-1,0.54462963
CACGATGGTGCTAATA-1,0.51005924
GTGCAGAAGGTGCGAG-1,0.5002287
CCTCTAGCTCTGGCAG-1,0.53660274
TACACTGAATAGCAGA-1,0.5378738
CGGTCTTATCCAAGCT-1,0.5233367
CTTGGATCAACCGTAT-1,0.4530117
ACGTTACGCAGACAGC-1,0.5137532
GTTGTCGTGGCATTAC-1,0.48476347
GAACAGCCATGTTGCA-1,0.50489384
AAGATTCTGGTCGCGA-1,0.54129905
AGAAGCTTGCCTCCGC-1,0.47901762
GGTTGCTACCGGAACA-1,0.49558547
CGTCCACCATTCGGTG-1,0.5191136
ATAATTATCGACCACG-1,0.5130331
TAGTGCTGTAGCGTTG-1,0.53084224
TAATGATCTACTAACC-1,0.4944196
ATTGACTTATGTGGTA-1,0.52485025
TACATCTAACATGTCC-1,0.503638
AGGTACCAGACGCCAG-1,0.49884373
CTGAAGCGGTTGCCAA-1,0.48651138
ATGCATGGTTGCTGTA-1,0.48384833
TCTTAGTCGCGGCAGA-1,0.5223604
TGTATCGGCGGTCGCA-1,0.5065658
TCCTCAGTCGGATGCG-1,0.5073081
AGGACGAAGCCTCCTT-1,0.5089765
CTTAGTCCTCATAAGT-1,0.51025707
CTATTATGGCACCTCG-1,0.50261223
GACGCCTCTTGATTGT-1,0.44773427
TCACATAGACCTCCGT-1,0.53233343
AATGGTTATTCTAGCT-1,0.47762793
ATAAGGCGGACAAGTT-1,0.48330706
CTTAGCGTAGCGTGCG-1,0.4988611
CGCAGAGCAGTCCGAG-1,0.47947326
GCACGGAAGGATAGTA-1,0.44929945
GAGGACGAGTCCTAGT-1,0.5468418
ATAGAATTCTAGGCCG-1,0.46116826
ACGCAAGGCATAAGTC-1,0.47634667
TACGGCCTTGTAGGAG-1,0.4734564
GGTTCTATACCGCTTG-1,0.5271984
GCCATTGTAATGTCTT-1,0.5363185
GGACCATCACCGCCAA-1,0.52072585
GTCTATGTTAATAGAA-1,0.49049732
CCAACAGGAACACGGT-1,0.5191046
CATCCGTGGTCGTAAG-1,0.48044434
TCACAGCACCAAGGTT-1,0.47179735
GTGGCGCCAGACTCGA-1,0.4847652
GTGGTAGGTCTAAGAA-1,0.47011536
CCTCACATGTCTTACT-1,0.4840024
TCGCCTAGATAATTAA-1,0.49635008
GTGCATTCCTGTGGTC-1,0.5247272
ACGGTTCACCTTCCGG-1,0.52062947
AGTGGTATGTCCAAGT-1,0.5327527
TGTAGGTTCTGGCTTA-1,0.50249875
TGGTACGGTCGGCGAA-1,0.51726097
GAGGCGCTCCATTCCT-1,0.48911998
TCCGTGTTCTGTTCTG-1,0.49072635
GTACGAATTCTACCAA-1,0.49632645
GATCGTGGCCACAACC-1,0.47579718
CTGTCAGATCGATGCG-1,0.47671798
GGTGTCACCAGCGAAC-1,0.45265442
ATCGGCTCTATGCCTC-1,0.50579286
TATCTAGTCGCATGCA-1,0.49473745
AGCCGTATCTTCGTCT-1,0.5025718
ACCTGCTTATAGTTCG-1,0.5034499
TAGGCGAGCGATCGGT-1,0.46222576
TGGCCAACATTCTGAG-1,0.4820037
ATTCACGCTGTTATCG-1,0.49636668
CGTACAGACGAGGACC-1,0.47988254
GAGTCTGACTATAGAA-1,0.5070496
TATCCTGCGGTTGATC-1,0.52043134
GGTTCTGGAGTCTACC-1,0.49279895
CTCGCTGTTCATAGAT-1,0.46935335
TGGCGACACTGCCGGA-1,0.45208085
AGAAGTTGAGCGCAAG-1,0.5020547
GGATAATTCAATGCTG-1,0.4778106
ATTATCACAACTCGGC-1,0.4802076
GTGCCTGACACGTTGG-1,0.554996
TGAGTGAGATCGCTAA-1,0.48195955
TACAAGCGGAAGTACG-1,0.4927843
GCCTCCTGCGGCCGTT-1,0.4930154
TGGTAGCCAGTTGACA-1,0.46705532
AAGGAGGCACTCAATT-1,0.5010833
GCAACATACATCAGCA-1,0.49373686
TCAGCTACCAACTCCG-1,0.4781213
AACGAAGCGTGGAAGT-1,0.50324863
ACAGCCAGGCATAAGC-1,0.50310254
TACATCGTCAGCGGTT-1,0.49632564
ATCCGAGTACCACGTG-1,0.5080151
GTCTTGCTGGACGATA-1,0.533134
CATCAGGTGCCTGATA-1,0.48175284
CACTACTGGCTGAACC-1,0.4850936
AGGACTAGGACCGCAG-1,0.53625846
GGAGATCCTGTACCAG-1,0.4909175
TGACCAGGTATGACCT-1,0.48854667
CTACGCTTAGAAGTGC-1,0.47441489
AAGGCGAGGTTCATGT-1,0.5254571
TACGAGATTGGTCTGT-1,0.4948585
TACCAGACAACCTCAG-1,0.5286509
GAGGTAACATTCGATC-1,0.5064159
TAGGTCTACTCGTGAA-1,0.54284424
TCACTACGACTCTGCG-1,0.5184907
CCAATACCAACACGCC-1,0.51723343
ATAGCACCTGCTGTCT-1,0.5186349
GCCAGACAGACGCCTA-1,0.4946315
AGAAGTTAACCAGAGC-1,0.52827936
GTATGACATAAGACGG-1,0.54446423
CTTCGGCTCACTACCT-1,0.53568995
GTTGAAGGAAGTCGGC-1,0.5179742
TAATTAAGGAGTACTG-1,0.4993357
TAACAGCAGGCCTTAC-1,0.4718566
GACCACTCCTGACGTT-1,0.48623398
AAGTACTACAGTAGAA-1,0.51941377
GAGGTAACTAGACAGT-1,0.5200108
ATCTTAGTGGCATGGA-1,0.46828222
GTTGAATCAACCTGGC-1,0.5129921
TACGGAGTCAACGAAG-1,0.50583744
ATAGAACCTCTACCGA-1,0.5222978
GTGACCAGATCGAGAT-1,0.4895715
TACGTATCCTATCACG-1,0.50313354
ACTACGCCTCATGATT-1,0.5107815
GCAGTTCGGCATTAGC-1,0.5467371
GACCACTTACGGACAT-1,0.52023995
CCGGCGAACATCACGT-1,0.5071699
GATCACTTAACGGATT-1,0.52085793
CTTCGAGCTGCAGCCT-1,0.4889443
GGACGAGTCTGTTCAC-1,0.52153283
TCCAGTTGTACCTGTC-1,0.5179502
TCTACACTCCGGCTCC-1,0.52113646
GAACTAACATGTATCC-1,0.49245682
TCTATCCGTGTTGCCA-1,0.47370812
AAGGCCAGCAATCGCC-1,0.4927572
ACGCGTTCGCGATCAT-1,0.4758663
GGTACCACCTATACCT-1,0.4612255
TAACGTGATTCACTAG-1,0.46354148
TACAAGCAGATCGTTG-1,0.47707
CGCAATGTATCCAATG-1,0.49193406
CGGCTTATTCGCTAAT-1,0.48541972
TGTTCACTGTCTTCCT-1,0.4902284
GTTGGCGTGAGCGACC-1,0.4911451
CTAGTCAGGCGACAGT-1,0.5340829
CACTCAGTACTCCGCT-1,0.50883025
CCGCATGTAGTTAGAC-1,0.5023374
GTCTATTAGTGAGGCC-1,0.538939
ACTGGTGATTCCGATC-1,0.47501516
CGACCTATACTGACGT-1,0.51058227
TGCACGCTCCTATCCG-1,0.52955663
AGTGTCTTAAGCTTGT-1,0.5024424
ACATTGAAGGCGGTGC-1,0.5194382
TAAGGTCCGTGACCGT-1,0.50651735
TCTAACAAGCCAATCC-1,0.5274873
CTCGGACTAACGTGGC-1,0.5096862
ATCGTAATCCACATGC-1,0.49461535
ATCCAACGCCACATCG-1,0.50868696
ACCTCCTAGAGGCATG-1,0.50888467
GAATGTATTGGATCAA-1,0.5169727
TACGCTCCGGTTGGTA-1,0.5424412
TGCCACTCAACCGGCC-1,0.5024551
GGCGGAGTTGAACTAT-1,0.5009116
AATTGGACGGCATCGT-1,0.45156723
TATCATGGATGTTGCC-1,0.47372806
GAGGCCACAAGGTGCA-1,0.48874864
CGTGCGGATTCATGTA-1,0.4811853
AGCTGACGTAACGCTG-1,0.48635593
CTGGTGATCGCCGTAG-1,0.5028071
ATGTTAAGATTACTGA-1,0.48695686
CACTCAATAAGCCGAA-1,0.49966204
CAGGCCAACGGTCGTA-1,0.51371366
GCTATGCGTGAACGGT-1,0.51470184
CATCCGAAGCGTATGG-1,0.50607103
CAGTTGCTCACGTGTC-1,0.5199203
TGCTTAGCTCCTGGCT-1,0.47999117
TCAGTATGTAGGACAA-1,0.5208617
AACTCACCTCGGTGTT-1,0.5026265
ACCAAGTGATGGTGAG-1,0.50764877
GCAGGCTGGTTCCAAG-1,0.51208854
ATACTAGCCATTAGTT-1,0.5341742
TGTCAACTCATCAACG-1,0.529375
TCATTGATAGACTTGC-1,0.50652486
ACTAGATCTGAAGCGG-1,0.51445895
AGTATTCGTCGGTATC-1,0.51008016
GTATTCGTGACTTGAT-1,0.47119334
TGCAACAGTGAAGCTC-1,0.50547683
GCTACCATCCTGTAGA-1,0.5465968
CTACAACCGCTGTCTA-1,0.491641
TAATGTGCACGATCTG-1,0.51215655
GGACAGTGCGGCAACA-1,0.50714856
ATTCTAGGACATCAGT-1,0.48902592
CCTAATCCACAAGGAT-1,0.512349
CATTAGGATAGTGAAT-1,0.4888662
CATAGAACATTGAACA-1,0.5107854
AGGACTGGATGAAGAC-1,0.5120622
CCGACAGACTGTGCCT-1,0.47219673
ACTCGATTGATATCCA-1,0.51027805
CTGACTGTGGCCGGTT-1,0.5022116
GTCTAATACGGCTAAG-1,0.50934356
CACGTCAAGTGCGATC-1,0.49842107
CGGCAACCACTAGCAT-1,0.49244687
ACGGCTTGTTCAATCG-1,0.4930692
GTACTTAACTTCAGCG-1,0.5125291
AAGTGGCGAGTGTACA-1,0.4501151
GGTACCAGGTAGTGTT-1,0.48256594
TAGTATCCAATTACGT-1,0.48944467
TCAGGATACACTACAA-1,0.5249133
CTAATGAGCGAGGCTA-1,0.43101767
AGTGTCTAGGCTAATA-1,0.4771247
TAACATGGCCACCTCC-1,0.47492126
AGTTCGGCACATACGG-1,0.4764824
ATTCATAGCGAAGCGT-1,0.48776853
TGGTGCGAGGTCGTAT-1,0.5065094
GACTGCGGTCTGCGTG-1,0.463247
CTTCGATATGTAGGAG-1,0.5017413
AGAAGGATGGTATGAA-1,0.5145322
GTACAGAACAGGACTC-1,0.4881699
CTAATGACATCATTCT-1,0.5116973
TAATCGACATTGTTGG-1,0.5247729
GCAATACATGAGGACA-1,0.5113003
GATCGTAAGAGTCGCA-1,0.5094459
GTGGTACTGTTGTAGC-1,0.5473475
TGACGCTGCGATAGTA-1,0.4966069
GTGGCTTCCTACCGTT-1,0.5133924
CAAGATTACCGATCAT-1,0.50820184
TCCTAATTGCTCAACG-1,0.525132
CCGATTCCATAAGAGT-1,0.5531829
GTAGCCAGTGCGGTTG-1,0.5268064
TCCGTCCACTCGGAGC-1,0.55429924
GGTTCTCGTGATGTGA-1,0.4854496
CTGGCGCATATCCGTG-1,0.5095193
TAATCTGATAAGATGT-1,0.5045362
GTATGATCACTTGACG-1,0.5200504
TGCTTACTCACCGGTC-1,0.5341203
ATGTATCCAAGGTGGC-1,0.49556306
ACGTCAGATTACTTCG-1,0.46263587
CTCACCAGTGTAAGTT-1,0.510534
CTTGTATCGTATGATT-1,0.4935929
CTCATAATAGCACCGT-1,0.47187814
CGAGATGCCGCATCTT-1,0.4902299
GTATTAGATTGAGGTC-1,0.5150806
TAAGTGTCAAGGTGGC-1,0.53179914
CGGTGAGCATGTATAC-1,0.50420433
CTTGGAACTCCACGCC-1,0.50053686
AGTAACCGCAGGTCAA-1,0.51863885
ATGCTGCCGGCATACT-1,0.5045281
CGCCACCTGGAAGACA-1,0.48723227
GACCGTGAATGTAAGT-1,0.494706
AAGCACTCAGGAATGT-1,0.4608949
ACCTGCTTCCACATTG-1,0.4946195
CCGCGACCGTAGCTAT-1,0.4651746
GTTCCGATGAACCGGC-1,0.4874763
GGATGTAACTAATCCG-1,0.48110735
CGAAGTCGTTGGCTCG-1,0.44537383
GAGGCCACTTCTAGAT-1,0.4614989
CCGCCACTGCGTTGGC-1,0.521145
GCGTACCGGAACGACA-1,0.5135976
CAAGATAAGTGCAATG-1,0.48815563
CTTAGCTATCCTTGCG-1,0.5155898
TGGCATGTTCGAACAG-1,0.53426373
CCGCAAGGAAGGAGGC-1,0.45537972
GTGGTACTTGGTTGGA-1,0.5257748
TGCATTCGCCAGCGAT-1,0.45294115
TAGCTATGTTGAGCAC-1,0.47469538
TCAAGGAACCTATTGC-1,0.49165508
ACTCAGCTCGAGTGTC-1,0.48711792
TGCCACAATGCTACCG-1,0.47304344
TCTGGTCCTCCACTGT-1,0.47529155
AATTGCGTCAGACACT-1,0.5332467
ATCTGCCGTCTACAGC-1,0.4757885
CTATCCGCTGCAATTG-1,0.49688834
GTACAGCCGTTACAGA-1,0.5018839
ACGGTGTACGGTGCCA-1,0.48714638
ACTGGTTCTGAACGAT-1,0.53483963
GATCCGGACATACACC-1,0.48483184
TACCTCAGGCAACAGA-1,0.55740047
TATGACGCGTATGTCG-1,0.5009784
TACCTGCGGTTGTCCT-1,0.49561214
TCTTGCTCCGTCGGCA-1,0.48281497
GCGTCTCGCAACTCAT-1,0.45101023
GGAGCGAATTGGACGG-1,0.48094785
TAGGCGCATATCTAAC-1,0.44726515
GGCAGCCGGCACTTCC-1,0.45955294
TCATCTTCCACGTATG-1,0.49817634
TCCGATGCGTATCCGG-1,0.5274174
CGATGATCAGCTATAA-1,0.48187354
TAAGCAGTAGATACTC-1,0.44037846
TAACGCATTGGTCCAA-1,0.49756938
ATGTAATTGTCGTTCG-1,0.50670177
ATGTAGGTAACCGTAC-1,0.48763844
ATTGCATCACTGACTG-1,0.51504266
AAGTCTGTCAATTCTT-1,0.52022094
GTTAACAACTTCGGAT-1,0.5072529
ACAACTAAGGTGTTAT-1,0.502795
GACAATCTATTAGATT-1,0.50902474
TAACAGGAACCGACAA-1,0.5297823
GCGTACCGGATGGCTC-1,0.51174074
AATATTAGGCTTCTGG-1,0.4908028
CGCTATTATGATACGT-1,0.51954114
GGATCGCTGGCATATT-1,0.4738033
TCACATTGTCGGTGAC-1,0.4743642
GCTTGCTTACTTAACG-1,0.4912304
TCTGGATATTAACCTA-1,0.42656228
GCCACTATAGACCATA-1,0.46328962
AACTAGCACTGTTCGA-1,0.46091476
TCCGGCTCTATGGACA-1,0.4978315
CTGGAATGGATCAGCA-1,0.4747991
GCTCGGAGATGAATGT-1,0.46289945
TGCCAATCCATGTCTA-1,0.49157274
GGCATAATCCTATCGC-1,0.44620067
AGCCTCCGAACTACCA-1,0.5001146
TAGACCGGCCAGTACG-1,0.49534714
CACGCCACAATCGCAC-1,0.4922788
GAACTAACTCTACGTG-1,0.46677756
ATTCGCTCGCGGAGGC-1,0.5083818
GTGAACATTCAACGAT-1,0.5149737
CAGCTCCTCGGATTCT-1,0.50536937
CACGTAGGTAGGCTGA-1,0.48885438
GCTTCTTGGACGAGCG-1,0.5127101
GGTAGCCATCAATCCG-1,0.50963277
AGCGTGCGCCTGATCG-1,0.47231984
TAACGAGTTGCCAACC-1,0.46125293
GCGTCGGAATGCTGCC-1,0.45831886
GTCAGTGAGGATCGTT-1,0.50793076
GTATTCCAAGTTACCT-1,0.50514096
ATTCCGGTTACATACC-1,0.46078786
CTCCTTATCTTAAGAC-1,0.45803446
CAGTATGCGTGGCGCT-1,0.4816683
TCGGTGTCTAACCAAG-1,0.42698747
ACTATTAGACAGGCTG-1,0.44722012
CTTAGTCTCGACAACT-1,0.51749885
GCATTGGTTACCAAGC-1,0.5207248
ACCGGCTATCGTGCGG-1,0.48307538
TCCTGATAAGTGCCGT-1,0.50491273
ACTCCAGGCCGAAGAC-1,0.47801518
CCAGACAGAACCTAAG-1,0.53294873
CTCACGTATTCAAGCG-1,0.5181506
CCGATTCCTCACTACA-1,0.4819416
TACGTATCGAGGTTGT-1,0.5474114
GTGGCGAGGAAGGCTA-1,0.50475556
TACTAGTACCGGATGG-1,0.53949034
TATCAATGCCGCTCAC-1,0.49948245
ATGTAAGAGCCACCTC-1,0.5195618
CTATAGATCCACAAGC-1,0.4598675
CTTATTCACTAGCTGG-1,0.53540254
GCACCTTAGCCTCGCA-1,0.5235274
CGACTGAACGAATGCT-1,0.5177634
AAGACTCAAGGCTCCA-1,0.50407386
GGTTAGACTCGGAGGT-1,0.49096498
GAGTAGATTATGGTTC-1,0.5317032
AGGTTAGTGGCCATAG-1,0.49567538
GTGCATGGTTGAGTTC-1,0.53339326
AGGATCAACATTCGTT-1,0.50209683
TGTACCAACTACGCAT-1,0.49949077
GGCAGGAAGTCTTCTA-1,0.4950105
CAGAACATGATAGGAC-1,0.4813646
GTAGCATAGTTACAGG-1,0.50842464
TCATGAGTAAGACATC-1,0.51912135
ACCGATTGAGGATCTG-1,0.5233717
AAGATGAAGGTCATCG-1,0.4779679
TGCGCCTCTGGCTACA-1,0.49851397
GGTCTTGATAACGTCA-1,0.5034741
GGAAGCTATGGCACAG-1,0.5504767
GTGACACCAAGTGAAT-1,0.5481288
GCCGAAGATGTATTGA-1,0.48146588
TGGTCTCAGAATGCAC-1,0.52313554
CTGAATACCAGCAACG-1,0.5121244
GTTATTGACCTCATTC-1,0.5332432
TGAGTCGCCTCCGTCG-1,0.5195422
GGTAGGTTGTTACGGC-1,0.48786315
TCTTAGTCTGCCATCA-1,0.48078513
GTTACAGGTACATGGC-1,0.51264876
TGCGCCAGTAATGATC-1,0.47357318
GGCGATCGGTCTGCTC-1,0.5256016
GCTTAATAGAGGCGAG-1,0.4866369
TAGCAGTCGTCATGAA-1,0.48169175
AATGGTCTCGAGCGCT-1,0.5253304
CTAGTTATGTCCAAGG-1,0.52101004
CGCTTGCGTACGGCAC-1,0.4763998
GGTACGTGCTCGGCAA-1,0.49398685
AGGAGCATCACTCAGC-1,0.5010014
AGTCTAGGATTGTCAC-1,0.49785554
TCCAATACTATCTGTT-1,0.4949752
ATCGATGTCAGATAGA-1,0.48522967
ATGCTCGCCTCCAATT-1,0.50993216
AAGGCCGACTATGTAA-1,0.48344722
AGGACCAGTAACCTAA-1,0.5093678
TGGAGTGAACGCGGTC-1,0.47335982
CAGTTGCACGGACAGG-1,0.48535073
CACCTACCGCTACCTT-1,0.46256077
GGTCTTCCGGCTGGAC-1,0.5004182
CTGGCTGGACGCTTGG-1,0.45409983
AATTGCGGTGCTAATA-1,0.48471233
GTCTTGATTGCCACCT-1,0.4697516
ATTGACGCATCTCAAC-1,0.49243295
CCTAGTCAGTCCTTAT-1,0.52944434
TCGATATTAGACATAC-1,0.51594865
CCTCATGATTATCTGA-1,0.5246262
GTAAGTTGCTGGTGGA-1,0.5145467
CGAAGACCGCCAGGCG-1,0.4817697
CGCACGCAGGTAAGTC-1,0.49977878
GTAGACCTGTCAACCA-1,0.49538875
CAGCTGGATGCGGCTA-1,0.47908434
CATTGCGTGCCACCTT-1,0.49931103
GTCATCAGTAGACCAG-1,0.5166965
GCAACAGGCCATTGAC-1,0.50360435
TCTTAGATGCCTCCGA-1,0.5210556
TAGACCTGAGGAGCTG-1,0.5058453
GCCGGCGAACCATTGT-1,0.5028997
CTGAAGGAGCCTCACT-1,0.510975
CCATAGTATTGTCTGC-1,0.52770734
TGACATTACAACGCCG-1,0.5130858
GAGGCCAGCAGAGGTT-1,0.5205732
ATCCTCGTTCCAGGCC-1,0.48485655
CGCATCTTGACTTAGT-1,0.4823978
ACCGGCACCATACTGC-1,0.47341964
CTGCCGATTGCGATGT-1,0.48420838
ATCCGGATGACGTAAC-1,0.50903934
TACACTGTCGAACCAA-1,0.49714926
GGTCCTGCGAGTAGGT-1,0.5242005
CGCACTGTGAGCCTGT-1,0.50258625
ATTAGCCTCACTTCTA-1,0.44576126
ATACTGGAGGATAACG-1,0.49438342
TGGTTGCCTCCGGCTT-1,0.48085022
AACTAGCCTTGCAATA-1,0.50986177
CGCAACCATGCACCGA-1,0.4805599
CCGCGTCGTTGGTCTG-1,0.5179723
ACCAGTATGAAGTTCC-1,0.50989604
ATGTACTACCGACTTC-1,0.47451484
TCGTATCACGTTATGA-1,0.48858705
TCCAGTACGTGCTATG-1,0.45473444
GTCTTGACAATAGCAA-1,0.50410855
GAGCCTCACGTATGTA-1,0.46013126
TACTCCTACATCAACT-1,0.46208388
CTTCCGTCGCTGCATC-1,0.49799138
GCGAGCGGACCATAAC-1,0.4605902
ACGGCTTCCATCGGAA-1,0.51589626
CAGGACATGGTAATGC-1,0.46287134
AGTACCGTTGTACGCC-1,0.4627436
CAATTGAACCGGCTCG-1,0.45491505
CCGTGAAGGATAACAG-1,0.45478925
CCTCGATAGAATAGGA-1,0.44566485
GAGGATGATAGGAAGG-1,0.49187845
CCTACGAGCTGGCCGG-1,0.5101908
TGGCTCCGCATCAGAT-1,0.5050627
CACCTCGAGCGATGCT-1,0.514087
GTCAACCTGACGATAG-1,0.46290496
TCCTCACGTGTAGACG-1,0.49159658
ATTCACCTGACCAGTT-1,0.4578724
AGAACAGGAGCATGGA-1,0.4958138
CCTAAGCATGCCTTGT-1,0.4816912
TGGTATGCAAGTCTAT-1,0.49958378
GCTCAACCACGGCAAC-1,0.53094447
CGCATGAGGAGCGTCT-1,0.5349711
GCTGTTGATAGTCTTA-1,0.4706921
CTTAGCTTAGTTCTCG-1,0.4457918
CGTAACATTCGCGATA-1,0.46083972
AATTCTCGCACCAGTA-1,0.37152165
GAGTGGAGCAAGCGCA-1,0.40142518
TGCATTAATGGCCACC-1,0.40279073
ATGGCATTATGGCTCG-1,0.46198407
CGACCAGCCTTGATTA-1,0.41312927
TAGCTAGAAGCGATCA-1,0.46136925
CAGAAGTCGCGGTTAT-1,0.42910677
GCCTTGAGATCTGAGC-1,0.5238321
TGTCCATGTATGGAAT-1,0.51699585
TCACATCCTGTCGCGG-1,0.4514825
CTTAGTTGCTCGTTGT-1,0.53293216
ATAAGACCAATCGCGG-1,0.505802
AACGAGCTAATAACTA-1,0.5164918
ACAATACGCCTTATTC-1,0.5639938
AGGCCGCAGAATAACG-1,0.5207695
CGAGCGGCACAGTAGG-1,0.5079939
CGTACAGTAAGTAATG-1,0.5188184
GCTTGGATCCAACCGG-1,0.5184027
TGGCCAGAGTATCTCC-1,0.47935966
TAACCTTGAGACTTCG-1,0.47750184
CGCTATAGTCTTCATC-1,0.50499934
CATGCGCTACTGGAGG-1,0.50608015
AAGCGAGGAAGTGAAC-1,0.53096235
TAGCGGACCACTGTTA-1,0.52564484
TAAGCCATACGACACG-1,0.503422
CCATGAACATCGTTGG-1,0.4965025
CGTGTAGACACCTTCC-1,0.5345115
TATCTAGGAGTGGACA-1,0.46996173
ATCACTTAGGCCTTGT-1,0.52600044
GTGCACTTGTTCCTGG-1,0.5128933
CTTACGACAACGATAC-1,0.5571772
TGGCCAAGCGTACAAG-1,0.5031332
ACATAAGACGCATATG-1,0.51173145
CATCCGTTAAGCGTGC-1,0.5133084
CTATGTCGTTCCGCTA-1,0.46214584
ACGGCCGGAACGCTAG-1,0.44197837
TATTCGTGCGTTCTGG-1,0.4207519
GTGACAATAGGTATGT-1,0.45243075
CAATCTATGAGGTCAG-1,0.46280965
TAGTATTGCCGAGTTG-1,0.49175808
GAGCGGCAATGGAATA-1,0.47207507
TGGTGCCGCTGCAACA-1,0.51837504
CCTTAGTTATACCAGA-1,0.4901427
GCCACTCCGTCACCTC-1,0.51624805
GCGTCCAGCAATTGGC-1,0.509911
ATAATCGTAGTTATTC-1,0.5105923
TGCTATTGCGGCGTGG-1,0.4974214
TGCGTCTGGATCGGAT-1,0.51237184
TAGTGAACATGCAGAT-1,0.5013182
GTACGAGGTAGTGCAC-1,0.4908728
GGCGCCAAGGAGCGCT-1,0.48057115
TCCTAGGTATCTGATG-1,0.4636126
GCACTGCCTCGATGCG-1,0.46902627
TACGGAATTGAACCAA-1,0.48494837
ACAACGCCGATAGTAT-1,0.48680884
ACTGTAGACAAGGAAT-1,0.49552384
AGTCGGTTATACATAG-1,0.49251568
AAGTCGGACACTTCAG-1,0.49778706
AAGCATTGAGTGGTTG-1,0.48818934
CGACATTGTATGGAGG-1,0.49232203
CAGCACGCTAATCAGA-1,0.46503714
AAGTCGCTATCCTGTC-1,0.49810272
TGAATTATGCCGCAGT-1,0.4914131
AATAGATAGCCTAACC-1,0.5129025
CTCGATGTTGCTATGT-1,0.48696494
GGTCACCGCATAACAA-1,0.49904385
CTTGCGTAACAGCAGT-1,0.5170643
CGGCAAGATGCGTCGG-1,0.4674908
GTTGACATGAACCAAC-1,0.4627256
TGACTTCGGCGTAACA-1,0.51054734
CAGATTATCATAACGC-1,0.52378374
ATCGTATTACTCGGAG-1,0.5003148
ACGTTCTATGCACGAC-1,0.52265245
GAGGTGTAGCAACTCA-1,0.47507244
AGACCGTCATTAGTTA-1,0.49644595
TCTACTTAGGTTCTTA-1,0.51345295
ATAGATTGAGTTCGAG-1,0.48574477
GGAACTTCGACATGTC-1,0.46443838
AGTTGTCCACAGACCA-1,0.49697712
CCGCGTTACCTTGGCG-1,0.545942
TATGAGGATCTACTGG-1,0.47020444
CTTCCAATTGAAGATT-1,0.5020889
AACCACTGCCATAGCC-1,0.5274012
AAGTTCCTATTGCTGG-1,0.4906569
CGGTATAGGATGAGCG-1,0.51295507
GAACATTCGACACGTA-1,0.5033783
TCTTGCACTATTCAGA-1,0.49901417
TGGACGCCTGCGACCG-1,0.47036523
TGATTAGAATGACATA-1,0.48494452
ATCATTCACCAGATTG-1,0.4690734
GCCTGGTACATGGTCG-1,0.41527623
TAGGCATCTGCGGACC-1,0.46118778
ATTAGATAAGACGGCG-1,0.44881532
CTAATCTGGCCGTGTT-1,0.4672249
GTATGTTAGTTCTACC-1,0.5102617
TAAGGACGCCTGGTTG-1,0.5006283
TCAGCGTGACCTTACC-1,0.4770113
ATCGTACACCTATGCC-1,0.4379261
CGAGGAGTCTAAGGAT-1,0.44809294
GTTAACTCCGACCACT-1,0.46399918
CTGGTGCGTTCACGAG-1,0.50949115
ATCGCAGTAACTTATT-1,0.4408105
GAGGATCCAGAACTGG-1,0.48061675
AAGATTATCTAGCATA-1,0.450528
ATGACCTCACTTAACC-1,0.4780762
TGTTGGAACGAGGTCA-1,0.469681
AGTCGGACCGTGCTTA-1,0.4489904
ACCGTACACGACCGTC-1,0.4805335
GCATTACCTGTCAAGA-1,0.3841495
GCTGTAGTGCTGTCGC-1,0.52510583
CAGCCAGTCCTGTCGG-1,0.4179595
ATTACTCCGTGAAGCG-1,0.52810717
AATAGTGCTCATAGAA-1,0.4781624
TCCATGATGTGATCAA-1,0.4637672
ATCTCCTTGCGATACA-1,0.47995466
TGACCAATCAGCCACG-1,0.5186376
GTACAACTCGGCAGAA-1,0.43997845
GCAGGCTACCGTCCTT-1,0.49563146
GCTGACAGCCGGAGCG-1,0.50193006
AACAGGTTATTGCACC-1,0.47858962
CCTCACCTAGTGGCAA-1,0.38700038
AGGTGAAGTGACGACT-1,0.41113743
TCAGTCGTGCCGGCAG-1,0.3951932
TATGACGGAGATTGGC-1,0.36922392
GTCAGCGATGTAATTG-1,0.38650852
CTAACAGTATACCGGC-1,0.3882215
TGAATGTTGACATCGT-1,0.41952506
CCTATGCCTTCTTGTT-1,0.42342618
ATAGTGAGTGAGGATT-1,0.42907718
AGACAAGACGTATCGC-1,0.49650002
ATTCACTCACGTGCAC-1,0.44278604
TCACGACATCAGAAGG-1,0.48258188
ACCTGCTTGAGCCTGG-1,0.4183328
AAGCCACTATGTCTAA-1,0.53768456
GCACTGGACGCAGCAC-1,0.50792336
TAACGTTGCGTCGATG-1,0.51249695
GTTGACGGATAGCCAT-1,0.5097196
TCCTTACTCGCAATGA-1,0.4988385
CAACAGGTCAGAGGAC-1,0.51803005
GATAAGCACGTGCGTA-1,0.47406015
ACCTGCCACTATCAAT-1,0.4784124
TCTGGTATCTGTAGCC-1,0.53295565
TAAGCTCCTTCACGCC-1,0.49473688
GAGCTAACCTACTTAC-1,0.4887335
TGCACTCCAGCTACTC-1,0.47803217
CTTCGACTCCAGACTG-1,0.5085229
ACTCCAGTAGCTCCAG-1,0.5247426
AGCTGTCCAGATGCTA-1,0.5229844
AGTATTGGTATGTCTA-1,0.5232567
TATCTAATCACCTCGG-1,0.54330695
TAACGCTCACATTCTA-1,0.5006675
CTTGAGTCTTACAGTG-1,0.5105874
TACTAGTACACCTAAG-1,0.50162894
CTCATCCTCGGCAAGT-1,0.51016265
GTTCCGGCTGAGCCGA-1,0.50582844
GAAGCGAGAACATGGA-1,0.5063175
TCCAACATGACCGGTC-1,0.47237468
TCCAGTGATGCGTATC-1,0.46392944
CAGCCAACGATAGCTT-1,0.4866534
GTGAACGGTTCTAACG-1,0.49947074
ACGGTGATAATGTTAC-1,0.48455185
TACATCGGACAACTGG-1,0.4889761
GAATCAATTACCGACC-1,0.51735824
ACTCAGCTTCTGAGAC-1,0.50488174
AATCCGGAGCTTGTCT-1,0.48236516
CGGCTTACGTGCACGA-1,0.5144914
TGAATGCGGTTATGGA-1,0.46720028
AAGCAGTATCAGAATC-1,0.47322983
TACGGAGGAAGCACCT-1,0.5166716
ATGTATCCATAAGTTG-1,0.49274725
GGCGGATATTGATTGA-1,0.519186
CGAGCCTGCAAGGTTA-1,0.51357394
TCGAATTGTACACTAT-1,0.48398438
TACACTGCGTCCGGAC-1,0.47535923
GTAATCAGGCGGACGG-1,0.49172488
CTGTCTATCCACATCT-1,0.48241615
ATGTCGGCTGTCGTAA-1,0.45188144
CTATTATGAGATACGA-1,0.5122611
CAAGTAGCCTCGATCC-1,0.4590097
TGCCTATCGGCTATGT-1,0.4445693
GAAGCTGTTCTACATC-1,0.464554
GAATACTAAGGCGAAT-1,0.4795892
CAAGTACTTCAATAGT-1,0.485534
GCCTATAGCATACCTT-1,0.517433
GTTCCTGAACCTTCAA-1,0.5332133
CTATCCATTAGCTCGA-1,0.5275813
GTTATGTTGCTTAGAT-1,0.5012228
AGCGGAATGTCGCTGT-1,0.5373709
CTTGAGCCTTGTTCCA-1,0.51533735
CTACAGATGGTCATAC-1,0.49962476
TAAGATTGAGATTACA-1,0.4829805
AGATTGCGCCTCGCTC-1,0.5413748
AGGACCGTAGATGCTA-1,0.4528615
ATGCTCCGTTCTACTG-1,0.5263453
ATCGTAACTACCTCTT-1,0.5156571
GTTGGTCCGCCAATCT-1,0.51358074
CATGCTCATCTGAACG-1,0.5224933
TAGATGGCTGTATGCC-1,0.51828754
CTCGTCGCGATTAATT-1,0.47538814
TCACATCCTTCTCAGT-1,0.543931
TGCTGTCAGAACGAAG-1,0.50748736
CAAGCCGCCATAGAGG-1,0.52550745
TCATTGTTCAATGCGT-1,0.53239053
CGACAAGTACTCCTTA-1,0.5042493
TAACGCGTAATATGGC-1,0.5143573
TATTGAATCCGACTAA-1,0.5073991
AGGCATTAAGTCTGGC-1,0.5248884
TACGGATCAGCCATCC-1,0.50140846
TCACCGTTGCTAATGG-1,0.4949106
GAGTTCTATCGTGCCT-1,0.49413526
TCCGAACCTCAACCAT-1,0.5047457
AATAACGTAACTGTGA-1,0.4602375
CTTGGTTAGAGTCATC-1,0.5400526
ATCCGTAGCTTCAGTA-1,0.49862644
CGGTTATCTGTCTTAA-1,0.49954462
CCGGCGAACCGTGCAC-1,0.48318863
CTGGAATAGTGCAAGT-1,0.47815976
ACCAAGTGGCTGTATG-1,0.50167924
GCTCATACAATTAGAC-1,0.49709156
CTATCGGATATCGGAG-1,0.44495192
GGCGGAGCACTGATAA-1,0.4310814
CCAGATAGACGAGGTG-1,0.45723385
GACTACGAGTTCCATT-1,0.49002394
CGAACCAGAAGTCTGG-1,0.47600535
AATGGCATAGTATCAT-1,0.47680935
GAGTCTGGTGAATGAG-1,0.47447333
TAGTGAGGACATGTTG-1,0.49121258
TAGTGATGACTCCTGG-1,0.39534235
GAACTGTAACTCAGGC-1,0.3902872
CTCACGTTCGGTCTGC-1,0.35887298
ATCATTGTCCATGCCA-1,0.38093778
AATGTCAGGTCATTAC-1,0.37910548
CCTACCACTCCAGTTA-1,0.36540553
CTGGTGGCCAATAAGT-1,0.38174707
CAGACGCAGTAGGTCT-1,0.38389546
TGGTACGGACGTAGTT-1,0.41287193
ATTGCATATTGTTATC-1,0.39448264
GACTGCCATAGAATAC-1,0.43552768
GCTGGATGACTCTACC-1,0.4711252
TATGTCGAGGTTGAAG-1,0.48267895
GGTACGATCGACTTAA-1,0.47377825
AGATGCTCCGTCATCT-1,0.41344774
ATTCAAGATTAGTTGC-1,0.4540204
GTCTATCAGTACTAAT-1,0.42847133
TAACGAATCCTAGATA-1,0.41902697
TCGACGAAGAGCAAGT-1,0.42502347
TCTTGAGTCATTATAC-1,0.4449077
CTTCAAGTCGACCTTC-1,0.4040243
TGCCAGGATGAGGTTC-1,0.42037094
GTCCGACAGCCGCATT-1,0.40233326
TCAAGGCAACGCGGCT-1,0.3471158
TAAGCACGAGACCTAC-1,0.4051625
CGTAGTTCGTTGGTAG-1,0.41231582
CGTAACATTGGCTGAG-1,0.44932714
TCATCGTTATGTATCT-1,0.43051797
ATCACCAGTTCGGCGA-1,0.47373405
TGGAGTGCTCCTGATC-1,0.51640606
CCATTCGTCTGCTCTA-1,0.5101616
GCCGTATGCCAGTCTT-1,0.4865847
GTGACATACAGGTCCT-1,0.4888424
CTCCTACCTCGTGGTA-1,0.5024541
AACCTACAGAGGTAGT-1,0.52466846
TGAATGTACCTTCGTC-1,0.4694495
ATCCGTAGTGTCGCTC-1,0.4707202
TAGTATAACCTCGACA-1,0.49356169
AGCTAGCGTACAGTAA-1,0.4770068
CCTCTTCGAGCGGTTG-1,0.4954714
CCTGTCTAAGTAGGCT-1,0.5085195
ATACATCATGCACCAA-1,0.5305371
ACCTAAGTAGAACAGA-1,0.48859823
ATGCTGCGGATGGTTG-1,0.5127266
ATAGGCCGATGATCTA-1,0.5139903
TATTGTTAACCGAGAC-1,0.50830865
TGACGGAGTGAGGTTA-1,0.48738125
CACGGCGTCAGCCTGC-1,0.5200439
TCTACAGCTGAATCAA-1,0.49429923
TAACTCCGATACGTAA-1,0.51558656
AATCCTCGTCACAGGC-1,0.47512546
AGCACGTGCACTGTAA-1,0.4003219
CTATTAGTACTGGCTC-1,0.47539586
TACAGTCTCGGCACGG-1,0.47393018
ACAGGCACGCGAGGAT-1,0.4883228
CCTACCATCGCAGTAT-1,0.4849023
ACAGGATACCGGATTC-1,0.5038925
ATGTACATCGTGGTTA-1,0.4709027
CTTAGCACGACAGAAC-1,0.41806954
GTTGAATGTTGCTGCC-1,0.50598073
GCAGTAGATGTCCAAT-1,0.47142848
CGTCGGCGGTAGATCA-1,0.49626914
CTGAAGTTGCAGACAT-1,0.4283082
TCCAATCCAGATACAT-1,0.46492103
TCCAGTGATTGGTGCT-1,0.43303427
CTACGAGCCGGACGGT-1,0.51894605
GTACTGCATAAGGTTA-1,0.521758
ATGTGAATTGCTGACC-1,0.51581866
CGGTCTTGCTATTCTA-1,0.49709138
TCCTTGGCTCAAGAGT-1,0.46507186
CCGGCAATGAAGTGAA-1,0.46258995
TGACGCTCGCGGTAGT-1,0.450928
CGACCTGCATCTGCAT-1,0.44647253
AACTTGCAACTTGGAC-1,0.4995608
CAAGTCCGCTACCGTT-1,0.53256977
TGAGTGACCTACTCGT-1,0.5021865
TCTTACGAGGAATAAG-1,0.48478246
CGAGCGAGCCACGCTA-1,0.50360084
CGTGTTAGATGGTATC-1,0.51713413
TCCTGAAGCGTGCACT-1,0.48558134
GAGTAGACGCAGGCTC-1,0.4817128
CGGCACTCCGGTTCGC-1,0.49338323
GGTAGTACCGCAACAG-1,0.5102656
TATTAACTTCCGCTCA-1,0.50261235
ATTCGGAAGCTATTAC-1,0.51869404
GCAGGTGCTGATGCTT-1,0.4783607
TGCTACTTGTGGCTGG-1,0.48469368
GCGATCTTGCTCACGC-1,0.49829495
GGTCTTCCGCACATCC-1,0.5106214
GCACGCATAGATTGCT-1,0.5251714
TGGTGCACGACCTTAG-1,0.50415504
TGTCAGAAGTTGTAAC-1,0.48650324
ATCGTCAGTTAGTCCA-1,0.5001644
CAACCGTATTACTGTA-1,0.49768227
AATCCGCCTGGTCAAT-1,0.5031944
ACGACTGAAGACTTAC-1,0.5436458
AGTAGAGCATGGACGT-1,0.50314677
GTCAGTTCTGCCTGGA-1,0.52914613
TCAGCTATTAATCGCT-1,0.5318697
GTCATCACGTGGTTCA-1,0.51678944
TGGTTGAACACGCCAA-1,0.5189879
AGTTATCCTGAACGAA-1,0.54611874
GACTAGTAATCTTGCT-1,0.52139014
CCTGTCTGATAGGTGA-1,0.5280434
ATAACCTAGAACCTGC-1,0.53312886
GCCTTGCCACTTCTGA-1,0.4948144
AGCGAGAACAGATTCT-1,0.4838261
TGCAGTTATTCCACTC-1,0.4543762
AAGTCTTAAGTTGCCA-1,0.4194652
CGATGCACCAGGCCTC-1,0.42617488
GACCACATTCTTGAAT-1,0.48004612
GATGTAGGAGTTGGCC-1,0.48674572
TAACGTCACTATAATC-1,0.44650793
GCCTTGGCGAACAATC-1,0.44720224
CCTCTACCGTGATTGG-1,0.49037445
CGACCAGAAGGATCCG-1,0.46926492
TCCAACTAAGACTCCA-1,0.4444662
TGCGGACTCACGTGAT-1,0.4724068
GTTGACGAACCAGAAC-1,0.44127464
TAGCTTAAGCTGGCGT-1,0.47322565
GCTTCTAGCGTTCATT-1,0.44490522
ATGGAGTAATCGGACC-1,0.49968168
TGCTATCCATGTAATA-1,0.42094374
GCGTACCGTGTATCAG-1,0.40097016
GGCGTGGCACGGCACT-1,0.42621744
GAGCTACAGCTCGGTA-1,0.39907268
CCGACAACGTCATCGG-1,0.41612318
ATAGTCCGCCGTTGGC-1,0.3953498
CGCTGCTTCGCATACT-1,0.40582347
CGAGGAGCGTTCGTTA-1,0.33261713
TCTATTCTGCATTGGC-1,0.4012355
AGATTGAGTTAGGAAC-1,0.43599474
CTGAAGTGCTGAACTG-1,0.35788694
TAGTGCACTATTGTCA-1,0.36898243
TCTGTACGCTGTCCTC-1,0.41212377
GTGCAGGCACTCTAGG-1,0.45551786
GCGAGGATCGACCTTA-1,0.3997857
ACGCCGGCATCACTGG-1,0.48419613
CGCCTTATCTTGGCGA-1,0.41156226
CCGACAAGACTGTACT-1,0.45456272
CGCCTCGAGCCACTCG-1,0.43173066
AGAACTTCGATGCGTA-1,0.4226365
TCTTACTGAGACTAGT-1,0.44713765
CTATTCTGTAGGACCT-1,0.40214568
GGACGTTGGAGGTGAT-1,0.43458635
GCTTGGCTGCGGTAAC-1,0.36055017
CCAACTTGCCACCGTA-1,0.4525412
ATGTACATGAACTCCG-1,0.41234484
CAGTGAACAGCAACGA-1,0.47653317
TCGTGCCTCGGTAGTT-1,0.49795467
TATCAACGAATATGAG-1,0.5163809
GCTTCTAAGTCTGACG-1,0.51032007
CCAGACATCCGGTTCT-1,0.50643027
GCAATTAATCAACGTA-1,0.4974221
CCTTGTCTACTTAGAC-1,0.5036032
AATGGTGCGTCCTAAC-1,0.5081603
GCGAGCGGTTGTCATG-1,0.48463044
CTGTGGCTTGTCAGCT-1,0.5157417
AGCACGAGATAACGGT-1,0.48444998
CGCTGCTATGACAGAC-1,0.52295387
TCGGACCAGGATCGCC-1,0.4698555
GTCAGTGCTGACAGCG-1,0.50812453
GTTATTGCTGAATCCG-1,0.49267286
GCCAACGAGCGGCATA-1,0.48175704
ATGTCTGCGTTGCAGC-1,0.48097914
GATCGTTGATGGATGC-1,0.5190278
GTCTTGCTCAGATTAC-1,0.5185876
TGTAATAGCCGATTAT-1,0.4889102
CTTCCATAACCTTACG-1,0.4894516
GTTATTCGCCGATCGC-1,0.49473122
TGGTTGGCGAAGCCTT-1,0.5449485
GCAACAGCGTGGATCA-1,0.4488664
CGTAACATCGTTACGG-1,0.46304888
CGGAGCTCACTTGCAT-1,0.43407223
TACACCAGTGCCGACA-1,0.46772027
TATGACCGATGAAGTG-1,0.4495549
ATACTATCAACTTGTA-1,0.5021295
GACAACTTGATTGTGA-1,0.45478156
CCATTGGCAATTCTCA-1,0.4009962
AACTTCATCTTCTGGT-1,0.44161
ATGTACAGTGCCTATG-1,0.41504192
CATGTTATTGATGCAG-1,0.417408
TCCTTGAACAGGACCA-1,0.49165323
TCCTATTGACTGTTGA-1,0.4157997
CACCATTCTTACGAGC-1,0.42049724
TGGAAGCTCCATCGAC-1,0.39132133
GAACTACAAGTAGGAG-1,0.42393437
AAGGCCAGTCGCAATT-1,0.4562542
AACCTACTGTAACTCA-1,0.44493675
CTGGCGGACAACGCAC-1,0.42511487
CTCACGATCTCCGGAG-1,0.52199364
TCATGAGGTTGATATG-1,0.523914
GCAAGAATGTTCCACC-1,0.5232415
TGCGTATCTTGTACCG-1,0.5327449
TGGAGTGATGGCTCTT-1,0.5563831
CTTACGCCATGCACAG-1,0.5163207
GATAATCAGCTATTGT-1,0.54048306
GTAGAAGTAAGCTGCG-1,0.5214111
TCTACATGAACTATAC-1,0.49433094
AAGTTAAGCACTATAA-1,0.47388917
TAGTGACTCGCTCCGC-1,0.5149551
AGCGGTACGCCGAGAA-1,0.4904568
CCAGACATCGGCACGC-1,0.5245599
CCGCCATACTTCACCA-1,0.54281384
TCTTACGGCCGCAACA-1,0.5199911
AAGGCGAACTAGTAGA-1,0.5035463
TGTTGGAACCTTCCGC-1,0.5042155
CTAAGTGGCCGATTAG-1,0.4468083
GTTATTCGTAACGTCC-1,0.4727305
AGACGTGGCGTTGAGT-1,0.5390043
AACGAATTGACCGGTT-1,0.50144476
TGAACGGATCTGGTAC-1,0.4960548
CGCCATGAGGCGATGA-1,0.52008325
GATGAGTGAACGGCTG-1,0.5208541
CTTAGTGGTACACGAC-1,0.5182038
CCACGTGCCACCTCAA-1,0.49318224
GTCACTTATCCAAGAC-1,0.50450516
AAGACTGTCATAGTGC-1,0.5247584
ACGGTTCGTACAGTTG-1,0.4743004
CTACAGATCGGTCGCC-1,0.5288002
TCAGCTAGGATGTACT-1,0.5443512
ATCCGGTATCACAAGT-1,0.50809175
GATTCCATACTGAACC-1,0.40991804
CTTACGTCATCCTTAT-1,0.5529605
ACCTGTGGTCACCTCG-1,0.46632725
GATCGGAGATACGCAG-1,0.5180362
GTGGTCGCTCTGTAGC-1,0.4696305
CCATCTGTGGCATCGT-1,0.5041542
TCGCACTGTACGGCGA-1,0.52150977
CTGCTCATTAGAGTGC-1,0.47914597
TCTAGGCGGAAGGCAC-1,0.47533932
AAGCCAGGCCGACGTG-1,0.4558015
TCACAAGCTCGAGGCA-1,0.471873
GACAACGGACTCAGCT-1,0.43380365
CTATGTGCGGTTGACT-1,0.44555348
TGAGGTAGGACTACTG-1,0.44563442
TGGTAGCATCAAGTCT-1,0.3940227
GTACCTGAAGTGAATG-1,0.48402366
CATTAACTATTGTTCC-1,0.46211138
AGGACGTCGGCACGAA-1,0.4220937
CTCGACTCCTAATGGA-1,0.48318437
GCCGCTGATTGGCCAG-1,0.431645
TGAAGTATGATCGTGC-1,0.37997302
GAGTAGGATGGTAGTC-1,0.3824786
ATTAAGAACAGCTCCG-1,0.3797357
CAAGACCACTATCGAA-1,0.34350687
GACAAGCTGAATCTGG-1,0.37578046
CTATGTAGGCCGAACG-1,0.3749011
TAGTGACTCAATTGCT-1,0.41885749
AGGCATTACTATAGTA-1,0.40461573
TGAGACAGAAGTGCTC-1,0.39702347
CTAAGCGTGCCTGCAA-1,0.37486917
GACAACTTAACCAACC-1,0.33908528
CGATAAGGTGCCTGAC-1,0.3555862
GGAGCGGCACCTCGTA-1,0.406347
GGACCGATCTGGATTA-1,0.4199621
AATAGTTGGTGCTCAG-1,0.37717324
GGCGCCACTGAACATC-1,0.3710631
CTCATCCTGGCAAGTC-1,0.39326575
TCCTCATCGTGCTGGA-1,0.36809602
TCTGCGTGCTATTCTA-1,0.38955727
ACTCTAAGCTTGCGCC-1,0.43324548
GCGATGACCGTGTAAT-1,0.44535232
GACCGGCCATGTACCG-1,0.45871845
CGTTGTGAGCAAGTGG-1,0.45478335
CAGACGAATGAGGAAC-1,0.4696532
ATTCCGCAACGCCGCT-1,0.49554977
TGCGTGTCGGCGGATA-1,0.47619557
TCGGAACGTCTGCAAG-1,0.46755186
ATCGCAGTCTATGGCA-1,0.48890007
GGACGTCGCACGAGAA-1,0.4210653
TCCAATCTAACACGCA-1,0.51301837
ATAAGGAATAGAACAT-1,0.4520516
GAGTTACTCAATGGAA-1,0.51418656
GATTCCGTGCGTATAC-1,0.48832437
GTCAACAGTTAAGTGA-1,0.5235993
TGCGATTAGCTCCGCC-1,0.5087325
ATTCCGTAAGGATTCC-1,0.4836913
TGCCTATCAATGCCAT-1,0.46357462
TGTCATGCATGAGCAC-1,0.47355708
TCTACAACTGGAACTT-1,0.5392159
ACCGGCCTCAGGAGTT-1,0.52480924
GGCGAGGCAGCCTACT-1,0.4794012
TCTGTCACCGTTAATA-1,0.5183156
ATCGACAGCGGCAACA-1,0.5057374
AGTGTACCTCTGTATG-1,0.4894745
ATACTAGTAACTGAGT-1,0.49799877
AGGTGGCTGTCGCCAA-1,0.51646894
AATACGAGAACACTCG-1,0.52490693
CTCATATGATAACTAT-1,0.5231771
CTGGTAATTAATCTGG-1,0.49944535
AAGATACAGGCGAACG-1,0.4843936
TCGAGCTGGTTGCCGA-1,0.525734
TGCCTACGCAGGCTGC-1,0.5133043
AAGGTGTCCATTAAGA-1,0.5216164
GCGTCGTAGGCTCATC-1,0.5030146
CTCCGCAGCCGCCTTC-1,0.4793524
GCCGGCATTCCGCCGA-1,0.43388647
ACGCAACGTGTAATTG-1,0.46525
CTAACGTGAATGATGT-1,0.47994387
GTAGCACGAGCTCAAG-1,0.4374062
TGGTGCATTGTAATCC-1,0.4793098
TCGTATGTCGTGCCTA-1,0.39266244
TCGTCAGAACAGCCAG-1,0.46462214
GCTCGTCTGCCGCAAT-1,0.4568781
TCATCCACGTGGTCAC-1,0.45005187
TCGCCTGCGTGCGTGG-1,0.44926685
ATGATAATTCCTTGCG-1,0.4493273
GCCTTCGCTTATGTTC-1,0.44315347
AGGTCTCACGCCAATA-1,0.39087918
AGCTATAAGTCCAGCA-1,0.42998445
TAGTTCAATCGACCTC-1,0.4181045
ACGTGCAATTATTCGG-1,0.44799933
AGGACCGCAATAGTTA-1,0.52250886
GGTTCTCCTATCAGTT-1,0.5310613
CTCCTGTCGAAGCCAA-1,0.48624954
ACATCGTAGACAGGTT-1,0.5072357
CAACTGACAAGACAAG-1,0.51306045
CGACGCCAAGGTGCAA-1,0.5363499
GTCTATTGCGAGTTAC-1,0.5108109
ATGACCAGACGGCCGG-1,0.51584923
CTGAAGGATCTGTACG-1,0.4971479
CTCGGAGTCTTAAGGA-1,0.48479697
GTTATGATACGATTAT-1,0.49612138
CTCAGGCACGTCAGAC-1,0.5208102
TCTACAGCACGTCCGA-1,0.47420678
TATGACAGCGAGAAGC-1,0.5011125
CAATGCGGATGCTGGT-1,0.52958477
GCGTACGAATCTAATC-1,0.5295172
GCACTGTTGCGGCCTT-1,0.4971693
CGCCTCTAATTCGCGG-1,0.5140141
ACGATGCTCCAATACA-1,0.5163289
CGTGGCTCCTTGTCTT-1,0.53178245
CGTACATCACTGGATG-1,0.54109216
CAGAGGCACTTAAGTC-1,0.49004626
TAGTGAATGTTCAGTG-1,0.47450626
GTCATCACTATTGTGC-1,0.49597642
CGGAGCGGTAAGACGC-1,0.50546706
AGCACGCTCGATCTAA-1,0.46153143
TAGACCGCGGAAGGAC-1,0.526306
TCTGAGTCAGATCTTG-1,0.49066907
ACTCTACTTCCGCATT-1,0.47801638
ATAGACATGGCTATGG-1,0.49439862
GTGGCGCACCTGTTCC-1,0.51330376
CACTACTGCGGAATTG-1,0.48874775
GTCAGTAGGTGACCGG-1,0.44244456
TGTCTTGCGACTAATT-1,0.4325523
TACGACGCGATTCAAG-1,0.4586365
GTTCCAGTGCCTTACC-1,0.45596063
GTTCATCTTACATTCC-1,0.44085386
ACAGGAACTACAGAAC-1,0.46680972
GGCGTGTAATTACTTA-1,0.46044308
AGTTGTACTTAATGGA-1,0.47045067
AACTGCCTCGATAGGT-1,0.43981993
GTGAAGATGAGTGCCT-1,0.4374232
CCGAGGATGACTCGTC-1,0.46908146
CTTAGTCTATCGAGAC-1,0.43817455
AATGAAGACGGTTCAG-1,0.43886667
GAGGTATTAATAGCGG-1,0.472329
TATGACAATGCTTGAA-1,0.44055924
CAACGCTTGCTCCTAC-1,0.4374586
TGCCTAAGTTAATTAT-1,0.435302
GTCCTTCATCAGATCA-1,0.4553931
CTTAGCTACGCAAGGT-1,0.4627279
GTGACAAGATGCTCAT-1,0.38948515
CGCTCGGTACTGCGAA-1,0.44831005
TAGGTCTTGGCTCGTC-1,0.3840044
GTCTGATATCTGAATT-1,0.43550488
GCGACACTAAGCTAAG-1,0.398676
AACTTCGCTTAGTCAG-1,0.3861967
CAACTGCTGGAGTTAT-1,0.37846822
TCTTCGCCATTCGAAT-1,0.35300186
AGTGCCAGATGCTCTG-1,0.3514433
GGCTGACGCCGAATCA-1,0.37125573
CCAGCACTCGACTGAC-1,0.35212496
TGCGTTATGTTCCGGA-1,0.36024484
CAGACAGTCGGATCTG-1,0.3851536
TAATACCGTTAATTGC-1,0.3730204
GTAACATACACCTGTT-1,0.40255728
CCTGGCTTATGGTCTG-1,0.4040103
TAGACATACGTCTAAT-1,0.38505715
TGCGAATTCTCCGCAC-1,0.4013822
GCATTGACTACAGCGA-1,0.41845518
GTATTATGAGTTAGCG-1,0.4807666
GGTCTTATAGGCTGGC-1,0.46280074
TGGATCCAGTCACTTC-1,0.4544531
GATTGTCGCAACGAGG-1,0.47130057
TGAATTCGTGGTATAA-1,0.49055406
CATTAGGCAATGGTTA-1,0.443164
ACCATTAGATCGTGGC-1,0.49890175
GTTCTTGATCTGTTGA-1,0.4504445
CGAGCTTAGAATACCT-1,0.49017233
TGTTCCTCACATTAAT-1,0.52638406
TCCGAACATAGTCTGA-1,0.476735
AGACGTAGGCGGACCG-1,0.4741951
GTCACTTATGTCGTAT-1,0.5204687
CCTAATGGCACTGTTC-1,0.4975607
GCGTCGGTCACGCCAG-1,0.46469906
CTTAGCAAGGACAGCC-1,0.48314694
TCATAGGTGAGTCGAC-1,0.49885798
GGAGTCTAAGTGGTCC-1,0.4725051
GCGGTCCTGTAGTCTG-1,0.48327243
AACTATTCTGCGGCCT-1,0.4735612
GAGGTGGCTCGAGGTT-1,0.49214837
ATGTAGGTTGGCGAGG-1,0.47678143
CTGAAGTGCTATGGCG-1,0.5014004
GGTCTGGTTGTAGAAC-1,0.48809564
AGTTCGTGCATGTCGA-1,0.50743556
GACGTCTTATCTCAGC-1,0.5187744
CTGTATCGGAAGCTCC-1,0.5132926
GTTGCCACAAGTCATA-1,0.5445012
ACCGATTCCGGATACT-1,0.45642602
TAAGGTACGGATAGTG-1,0.5111857
ACCTAAGTGATAATCA-1,0.5220399
CGGTTACGTCCATGAA-1,0.5158569
TATGTTGGCGAGAACA-1,0.50144875
CGCTGACATTGCGGTC-1,0.5184172
CTTATTGAGTTCTGTA-1,0.5231055
TGCGATGCAGGTGCGA-1,0.49200532
TAAGGATTGGAAGTGG-1,0.4535313
ACTAATCGGCCACCGA-1,0.4216824
CTCACCGCTCTAATCA-1,0.5125439
GTGGCTGAATGCGAGT-1,0.41683114
CGGCCTGCGATCGATG-1,0.49202386
CGATTGGAACAGGCCA-1,0.41915023
CCTCACTTCCTTCCGA-1,0.47737297
ACTGTACATCCGATAC-1,0.40562746
TAATGACGAAGCGGCT-1,0.4449446
TCATTGGCGACCGACG-1,0.44783753
GCTTGGTCAACCGTGG-1,0.46628857
AACGAGCCTCTTCGGC-1,0.43228474
GGACGTTAGATATTAC-1,0.49230087
ATTAAGTGGCCTAAGG-1,0.44909376
CTCAGGTCGTGCTCGC-1,0.47088468
ATGAGTACGCTTCCTA-1,0.48107067
CGAGTCCGTTGGAACT-1,0.49867943
GCACGCAACCATACCA-1,0.46220934
TGATCCGCACTCCTTA-1,0.48371908
CGGTCAACGGCGGATT-1,0.4802845
CGTAGCCAAGTCCGTC-1,0.4911348
ATGCATGTCACTCGTG-1,0.4707454
TCAGTCCAACGGAAGT-1,0.4623237
CTTAGTAAGCGTGGCA-1,0.48239145
CAGCCTCGTGGCTCAC-1,0.46423584
GTTCCTTGAGGAACGC-1,0.50544024
CGATAAGGATAGGCAA-1,0.5065061
ATAGCTTCACAACCGT-1,0.4969432
CGGTAGAACGTGACTT-1,0.5123914
TGGACTGAGTACCTAG-1,0.49994326
CGGTAGATTCCTATGC-1,0.51572996
GACGAGCTGCACTCGT-1,0.525417
CCTTCCAACCTTCAGA-1,0.4845196
TGCACGGCTGAGACTT-1,0.48290157
TCGGACATTCTATGAG-1,0.49262327
GTAGCGCTCATCAGGT-1,0.47808978
CACCATAAGCTGGCTG-1,0.52389497
CAATAACTACATTAAC-1,0.5377608
TGTTCTGCTCTGTCGT-1,0.46420518
GCACCTAGCCGAATCT-1,0.5104903
CTCCACGCTAGCTAGA-1,0.51277083
GCCTTCTGTCACGCTC-1,0.50165623
GTCAGCCTCCGAACCT-1,0.49489987
AGACTCATGACCTGGC-1,0.5088265
AACCGCCAGACTACTT-1,0.50009
TCGGCGCAGATAGATA-1,0.49483725
TACTCCGAAGTAGAAT-1,0.5165039
TCCAACTGAATAAGGT-1,0.4958935
TGAACGGACACGTATC-1,0.47835246
CGATAAGAATTCCAGT-1,0.51575524
TCCTGGTGGCAATAGC-1,0.5008758
TAACGAGCCGAAGGTC-1,0.47199932
GGCATTGCTAAGAATG-1,0.40492156
GCGGTGGCCGACGCAT-1,0.4204655
TCAGGAGCAACGGTCG-1,0.4866821
CTCAATGACCATTAAG-1,0.44786882
TGGCCTGACATACTCA-1,0.44162306
GCAAGATAGGTTAACT-1,0.45157358
CTTACGGTAAGCCGAA-1,0.44663456
ATACGCTGAGATCAGA-1,0.38335285
GAGGTGCATTCGGATC-1,0.39154628
TCTTAGTCGTCTCGGC-1,0.47743845
GCCAGTAGACGATACC-1,0.34863108
TATCCACTTGCGTATC-1,0.49808463
CTGTTCCAGAAGCTGA-1,0.4397822
ATCTGTACGCGTCTCC-1,0.4487889
AAGCAGCGGACACGTG-1,0.4506249
AGAAGCAGCCTAAGCT-1,0.43514028
CACGTCCACGACCTAT-1,0.41405845
CTTCGATACTCCGACC-1,0.40820867
AGTGAGTATTCTAAGT-1,0.3863605
CGCCTTGTGAAGTCTA-1,0.34707618
GTATCTGTCAACGGTG-1,0.41000673
ATGTGCGTCTGAACAG-1,0.3550368
AACTCAACCTTGACCA-1,0.33547187
GGCCTTCGACCAGGTA-1,0.3319656
TGTAAGATCTTCACAT-1,0.33015642
CTTCCGACGCACAACC-1,0.3250509
GCAGATCCTAATGTGG-1,0.34724504
GGAGCGAGTGTAACTT-1,0.39974594
ATTCTACTGGTCGTTC-1,0.3599961
TCAGCTCGCCAGGATG-1,0.35325357
GCCTGGTCAGGTTGCC-1,0.45170313
CCGCTGTTGCCATACG-1,0.39758578
TATCACTTCGAGCCGT-1,0.45171306
GGTCTGCGAACTGTAT-1,0.47087616
ACGAACGCACGAGCAC-1,0.52774715
GTGAAGTGATCGTGCT-1,0.5016038
GCGAATAGTGGCTAAT-1,0.4723292
ATTCCTGCCTTAACAG-1,0.4639758
ACATTGGTTCACAGTG-1,0.5161402
ACGATGACTATTAGAT-1,0.46310347
GAACGCTAGAAGGCTA-1,0.4522996
TCATTCACTGTAATGG-1,0.50906336
TGTAGGTCACTACATG-1,0.5036167
TAAGAATATGAGATAG-1,0.47903106
AACCAAGGTATCAGGC-1,0.49295184
TGACGGAGCGCTATAC-1,0.49450216
TATGAGTTCCGAGTGA-1,0.44526815
ATTCTAGTCCACAAGA-1,0.46383047
CTTAGCCTAATGGTAA-1,0.48608273
TAGCGTCACGACAGGC-1,0.5298023
GTCGCTAAGTGAGGTT-1,0.513434
GGTGCAATCAGACTTC-1,0.50564015
TCTAGAATTGCGGTTG-1,0.49714813
TGTACCACATACTGGT-1,0.4691777
CAACTGCATTCGACTC-1,0.4923901
CCATGAACAATGCTCC-1,0.49653786
AGACTCCGCTTCGTAT-1,0.52406585
GTGGTTACCTTGCGCA-1,0.5106422
CTATGGCCAACGCCGG-1,0.4797775
CACTCAAGACGGACTA-1,0.5137859
GAGGATACCAGGTACG-1,0.49717176
AACTGCGATCGACTAA-1,0.5051392
GCAGATCGGTAATTAT-1,0.50064206
TATTCTCGTGCTTGGC-1,0.5310717
ATCGCAGTAATATCAG-1,0.5058003
CGTAAGGATACGGCAC-1,0.5223757
AGGATCGAGCACCGCC-1,0.49339017
ATACTATCCGAACATA-1,0.46995023
GTAGCCTAAGGTTAGT-1,0.47311643
ATGGAGTCTTCGCAGT-1,0.48012602
TGGCGAGCCACTAGCG-1,0.4757219
TGGCCAAGCTGGCACC-1,0.46032706
GATAGCTAATGGATAG-1,0.4279683
CTATAACCAGCAGTAT-1,0.4594258
ATGTGATCCGTCTAAC-1,0.48258626
AGGCTTAACCGATTGT-1,0.4704254
CGTGTTACCATATGTA-1,0.4537978
ATCGTCTTAACGAAGG-1,0.49696168
GGATAATTATGCTGGT-1,0.45347062
TCGTTAGCCAGGCCAG-1,0.47862044
TCAGATTACCAGGTTA-1,0.43736666
TACACTTCGCACCGAT-1,0.4636168
CCTTAGTCTGTCACTG-1,0.45841372
CCAGCGGATTCCGCTG-1,0.44846234
TGGCAAGCGACACTTA-1,0.5000687
CACTGGTGAGTTATCG-1,0.47096473
ATTATCCAGGTGAAGT-1,0.48935348
GCAGGCAGTGATCTAC-1,0.43640053
GACGGTACCTGGCCGT-1,0.44017395
TGCGGATCGGATCTTA-1,0.4422344
CCGGCGCTAAGGATGA-1,0.43818983
CCACGGTACACCAACC-1,0.43742293
TATCACCGGCATCGTG-1,0.45685944
CAAGGTCTCAATACAG-1,0.5070699
GATATCTTGTGACACG-1,0.47438055
TAAGATTGCTCACTTC-1,0.48664442
TCAGTTGACAGTGCCA-1,0.5140586
CAGAATTCTTGAACCA-1,0.49041772
CCACATGGCGACGTCT-1,0.52866936
GACTTCATACCGCTGT-1,0.5077328
AGGACCTGTACCATTC-1,0.4902135
CGAACTACAGATGTAA-1,0.50460255
TCGATCTAATGTTAGT-1,0.4969589
AGGCTGCAGCTCAGGC-1,0.5195394
CCTGTCCTCAGTTGTA-1,0.50437486
ATGCCGTTGTGAAGCG-1,0.509991
GAGGTAACTGCGAGAC-1,0.5421409
TAGTTCCGATAGAATC-1,0.5129488
TGTAATCATATGAGAC-1,0.5198805
TGGATCATTGTAACGG-1,0.48848292
GCATGCTGAGACAGGT-1,0.548094
TAATTACCGGTGCGAG-1,0.5154711
CGGTCCATTACAACTA-1,0.4794173
TGTCTTGGAATTGGCA-1,0.51273084
CTACCAGACCTCTTAG-1,0.5077287
ATTAGTGCTTGGTCAT-1,0.5197968
TAACAGGTCCATACCA-1,0.4950029
TGCCAGTGATTCGTGC-1,0.4918203
CTCAGGTCACTACAGC-1,0.50814676
ATCTACTCACATCTCC-1,0.4909477
CGTAGTACGCATAATG-1,0.48570675
AATGGACATCCTACTC-1,0.4544084
GGTCTTGAACCGGCCA-1,0.45362893
GGAATCCTTAGACTGT-1,0.5067626
CTCCTACATTGTATCT-1,0.4484094
GTTGACTAGAGCACGT-1,0.44628412
CTCAATACGTTAACCG-1,0.44809887
GGTAAGGCGACGATGA-1,0.3831925
CGTCAAGGCGGAATGT-1,0.37439442
CAGATTGCCTGTAAGT-1,0.3906971
CGACAATTATTCTGTC-1,0.36601147
GCAGGCCATTCCTGCC-1,0.41223902
GACAGTCACTTCGCTC-1,0.38234678
AGACCGACCGCAGACA-1,0.371133
GCCGGTATGCTCATGC-1,0.37797254
CGAGGAAGACTTAGAT-1,0.36886504
AATAGTATAGTTGTCG-1,0.35319486
GCACCTTACTGGCTAC-1,0.39160088
GAACAGATAACCTTAA-1,0.3565846
CATGTTACCGAAGGCG-1,0.36716208
CTGTCACTCGGCCTTA-1,0.387389
ATTCACGTCGCAGGCT-1,0.3555217
ATGTATCGGAATACGG-1,0.38686475
ATAGTTAAGGCACGAG-1,0.3595183
CGGCAACCTAAGTCCA-1,0.3534311
AAGTGGCGAAGTTAAT-1,0.35413212
GTGACTGTCCTGGTAT-1,0.36136416
GAGTCCACTCATAACA-1,0.36862037
TACACTGCAGGTTAGA-1,0.37904164
CCGATGGAACATCAGC-1,0.4170309
GGTCTGAAGTATGTCA-1,0.45303988
ACAGAATCCGTTGCTT-1,0.4463322
GTCACTAAGCCAGCGG-1,0.44820422
GTGGAACAGAAGTCGA-1,0.4843069
GGTGCAGGCACCGCGT-1,0.4686434
TATCAAGGCCGCGTGG-1,0.44158024
GCGACAGTGCCGCACC-1,0.5244509
AACTAGGCCTGACACC-1,0.5057581
CGCCTCGATAATGCGG-1,0.4705651
ATAAGTACCACGAGTT-1,0.47357893
CCGCTCTGCTGAATTC-1,0.50318223
AGGACGAATGCTTCAA-1,0.5095886
ATGTATGAGTACCGGA-1,0.5134399
AATGGAGGACCTGGTG-1,0.52242386
GTACTTACTTCATACC-1,0.4863727
TCCGAATAGAAGCACC-1,0.51049644
ACCACGGCCTCGCACC-1,0.48559764
TAGACAGGAGATCATT-1,0.5372769
CTGTGGTAAGCTAATA-1,0.47075233
CGAGCGTAATGGAGTG-1,0.47774625
TACACCTTGCGGCAGG-1,0.4707789
CTCCACTGGCTAATGG-1,0.48581418
CATCGGCATGTCGAAG-1,0.4881211
GTAATGACGGTCTACG-1,0.5023359
AGCTACCAGCGTTACT-1,0.5053857
GTCGCAACGAGCTGAC-1,0.49215508
TAATTCCTGCAGAAGG-1,0.48589787
CGCCACATGCGTCCAA-1,0.5108045
AGCTCGCATTAGGATT-1,0.5137
AGCCATCCGTCAACTC-1,0.5277991
GCTTGAACTCGCCATG-1,0.52739906
AACATATTCTTGCGAA-1,0.5052804
CAGTGATATTGATGTC-1,0.4887709
TCACGTCTAAGACTAG-1,0.49680224
ATACGCGGTGAAGCCG-1,0.46916226
GTTCGAGCTCGCGAAT-1,0.46589684
CATGCATATGACGTCG-1,0.4785339
GCTTACATGTTGCGCT-1,0.4477728
TCCTACCGGTTCCTAG-1,0.46029392
CCGCAAGTAGCGGACT-1,0.47627094
AGACCGAACCGATGTC-1,0.45043734
CAGTGAAGATACATAA-1,0.46739608
CTAACGTTAGGCAATG-1,0.44057056
TGACCATGTACACTCA-1,0.47207126
GATTATGTGACATGAT-1,0.48898727
CTTAGCTTCGCTGACC-1,0.48210812
CTCGGTCTCCAACTGC-1,0.43308017
CATGATGCATGTGCTA-1,0.45358723
CGCACGTGACTGTTGG-1,0.43904692
ATTACTGTACGCGGTG-1,0.440129
GTGCAGTTGTGGCGCT-1,0.46086916
TGCATTCTTACGGAGG-1,0.44234726
CACCTAGAATACTTCT-1,0.47313672
GGCTGTTCAATGTCAA-1,0.45363513
GACCTGCTGTACGAAG-1,0.4679934
CTGTATGGCTCAACAT-1,0.48082998
TAGCAGTGATTCTGTC-1,0.44368944
GTAGCAGAACATGGTG-1,0.43180677
TCTGCCTGGATGTCAG-1,0.44199333
ATGAGCTATTCGAAGA-1,0.44359732
CCTACCATGTGATCAC-1,0.44533685
TCGAATTAGTTACTCC-1,0.4671073
TCCTATGAGGATTGTT-1,0.46275693
GAGCGAATCGGTAGAA-1,0.4845688
AGCGGTGCAGGCATCT-1,0.477475
ATTGCAGTTCTTCATT-1,0.5023245
CGGTGAACTCACATTG-1,0.5111076
ATGCTCCAACCTGGCC-1,0.5018922
CTGAATTCGCGTAAGG-1,0.47052425
TAGATGCGTGCCAGCG-1,0.51064926
GTTCATACCTTGGTTA-1,0.48146495
TCACCATAGATTGTTA-1,0.50473803
CGACTTCACTCGGCAT-1,0.49756557
GCTGACTTGTCTCAAT-1,0.46893218
ATCTGGATCCTCAGAC-1,0.52025306
CGCTCGCAATTGGCGA-1,0.47663048
TAGTGCAGTGCGGTAG-1,0.51021945
GGAGGTCGTAGGAGCT-1,0.5173407
ACGCTGCGATTAACGA-1,0.5109017
CCTACACCGACATTAC-1,0.48724848
TCCGAATCATGTTGTC-1,0.50306225
CGAGTCATCCGCACCA-1,0.5088657
GGTTCACCGACTCACG-1,0.53216
CGCAGATAGATGTTCT-1,0.5428346
TCCGAGTACGACTTAG-1,0.519219
ACAGGTTCAGTGAACG-1,0.56378514
CTTCGTCAAGACTCGT-1,0.4884223
TCGCCTGACGGCCACT-1,0.4729133
CATCCGCCTAAGGAAC-1,0.48872462
GCCGGCGTGAACTTGC-1,0.48289275
ATACATCAAGGATTGC-1,0.50669444
GAATAAGGAGAACTAA-1,0.4999553
AGTCGCCACTCGGCGA-1,0.47379908
CTACATCTACTGGCTT-1,0.41590577
GATGCCTAGAGTCTGT-1,0.4559251
TAGAGGCGATTGATTC-1,0.46134406
TCGTCCAGCATGGCTT-1,0.3729064
GTGGTTGCCGCTTCAA-1,0.4514476
AGACTCATTGCGGACA-1,0.39179945
CATCAGATACTAATCG-1,0.3908522
CGCTTATGGTTAGGAT-1,0.40334937
TGCATTGCTGTCGGCG-1,0.3926638
TCAGTTCTCCGGACCG-1,0.37539634
TAGGATGCACCGTTCA-1,0.37720704
CACGATCATACAATTA-1,0.42544302
TGCAACGTTACCTGGT-1,0.3801676
CAGATTCCGTATGCGA-1,0.39215192
GCATGACGGATTATCA-1,0.35391676
GCACGCATAGGCGATC-1,0.4031683
GTTGTCCTGTGATGTA-1,0.37073797
GATCCACCGCGTGCAA-1,0.3698528
ATAGATGCCTAAGCAC-1,0.38343427
CCAGACAATATCGTTA-1,0.3481607
CACTTGACATTCAGAA-1,0.40119725
CGAGGATTCGATCATA-1,0.36985397
CATCGCGGTCGGTGCG-1,0.46000043
CTCGTTCTGTCACGTT-1,0.48663452
AGTTCGTGCAGACCTT-1,0.4493103
AGGACGTATCGCCGTA-1,0.46615887
TGACCAGCACTCCAGC-1,0.48909035
TCTTACCGCTCGTATG-1,0.5142255
CTCACCTGCCGACTAA-1,0.4865967
TGGTGCCTAGCACGGC-1,0.5284427
GAATACAGACGAACTG-1,0.4729368
AGGATTCTACGCCTAG-1,0.45740268
AACTGCAACGTCCTGG-1,0.5084116
ACAATACAGGCGCCGT-1,0.47553927
TCGGTAGGCATCACGC-1,0.49022096
TGATAAGCAGTAAGAA-1,0.4816913
GAATGAGTATAGACCA-1,0.49048874
ATTATCTAGATTAACG-1,0.45061997
CGCATGGAATTCACGA-1,0.51686937
GAGTCTCGAGATAGTC-1,0.46454296
ATGCCTTCGTAAGTTA-1,0.50639504
TAGTTGGCTTAGGCCT-1,0.46808404
AGGATCCGTGAGGCGG-1,0.50259364
ACGAGGACCTGCTAGT-1,0.4839002
CGACGCCGCAAGTAGC-1,0.52873486
TGCTTATGAATAAGCA-1,0.5040833
ACGGCCTTGCCAGAAC-1,0.4926629
TATCTAGTGCCATATT-1,0.5393576
AATGATCTTGACAGCG-1,0.51791906
CGTTCTCGAGGTTCGC-1,0.51259327
GTTGCTTGCAATCACT-1,0.5320256
GCGAAGTTGGCGTGCA-1,0.56751347
GCCAGGCTTAATGGCC-1,0.5021342
TCCAGAGGTCGACAGC-1,0.49128494
TCCAGTTGCGGTGCAC-1,0.50474864
GAGGACAGTGATCGGC-1,0.4478266
AAGGTGATCCGTGACG-1,0.49177024
TAGCCGTAGCCAGGTG-1,0.4898535
GGAGCAATGCGGTGCA-1,0.46788526
CCACGTCAATCAACAT-1,0.4956723
TCGTATCGGTCTCCTT-1,0.46740073
GTGCAGCCGGTCTGCA-1,0.47137064
TGAGCCGCGTGATCAT-1,0.44076356
GTATTAGGTTATCTGC-1,0.4835412
GATTCGCCATGTATCA-1,0.47134596
ACAGTACGCACTACCT-1,0.4454887
AGACTCAGACAGATAA-1,0.46232703
TAACGCTTCGGCACTT-1,0.4461249
ACCTATGCTACCGGAT-1,0.4968203
AGCTCAACATCGTCCG-1,0.5080956
CATACAATGAGTAGCT-1,0.5008958
AGGTTCCACGCCGAAG-1,0.43282637
TGCTGTGAAGTCAAGA-1,0.43710223
TCAGAATCTAATAGTC-1,0.4672404
GCTGAGTGTTCAACCG-1,0.43771783
GTCAGCCAACATCACG-1,0.43575382
GCAATCCTCGAGCGTT-1,0.46164852
CGGAGTCTTACGTGAA-1,0.45486334
TCCGCCAACATTGCTC-1,0.47413164
AATGTAGTCTTACGAG-1,0.5104437
ACGCTCAGTGCTATTC-1,0.46182215
GGAGAAGCCAAGCGCT-1,0.49137956
GCAGATACGTTGAACG-1,0.44069138
TCAACCGGAGACCTCG-1,0.4870776
CCTGCTCGCCGTCCAG-1,0.4601513
GAATCATAGTCTGAAG-1,0.49409306
AGATCTCCGCCTTATT-1,0.50757647
AGGTTGAGTAGGAGAT-1,0.5404795
CGCAGATTCGACCGAA-1,0.5155397
CTGGAACAATAGACAG-1,0.50041443
GAGCTACAAGATCAAG-1,0.47663423
CCTGAAGCGTATAGCA-1,0.4955633
ATACGGCGACTGGTCT-1,0.488094
AGCATGCACCGCGTCA-1,0.52872807
TCCAACGTGGTTGTTC-1,0.5070836
GTTGAGCTTCGTCCGG-1,0.4976195
GTACAGATGACATCGC-1,0.5709425
CGTTGGTCGTCACTGT-1,0.48077443
TAGGACATCAGCATGG-1,0.49447924
TGTTCAGAACGGTGTA-1,0.52160275
GACAATTGTATGCTTC-1,0.5200228
TAGTTCGAGTAGGAAG-1,0.46963957
AGCGTGCTTCGCTCAT-1,0.52081203
AGCGTTATACCTGTTG-1,0.48522508
TGGCCTGGCACTGTGG-1,0.5491937
ACGCGTCGGTGAGGTT-1,0.5307914
GAATGACACGACTAGG-1,0.50014085
AGGTCTTCCATCGCCG-1,0.47361222
ATAGTTCGCAGCCGTG-1,0.4397432
AGTCGGTCTAATCTGT-1,0.50277823
CGAGTGCGGCTCGTGG-1,0.46593398
AGCGGTGAGTGACATG-1,0.47090614
GAGTGCCGCATTAGGC-1,0.46942255
TGGTCGCCGGCTTACT-1,0.4590919
CTGCCGTGAAGTCGCA-1,0.4638503
CTTCGATAACATTGGT-1,0.35866264
GCTTGGATGCTCGCTT-1,0.4236456
GCGAATCGAGAACACG-1,0.3806174
AAGGCCGACCTACCTG-1,0.4289686
CTATGCCGTACAGCGT-1,0.41027763
ACTTGAAGCGAGCGGT-1,0.49007076
ATCGTCACCATGTCAC-1,0.42655745
TCGGCGCAGAATGTCT-1,0.38148397
CCTTGTGATGGTCTAG-1,0.4578508
ATACAAGGTCAGTAGA-1,0.45372197
CTCGGATCGGAATACG-1,0.4626283
CAAGTGTTCGCCACGC-1,0.46341068
CTCATAGCCAATGTCG-1,0.45984212
GTCTAGTCTAGCGACG-1,0.47910672
ATGCTGAATGCAATAG-1,0.47846952
GGTTCATTCCGGCCTC-1,0.45946628
CTACTGCTCCGACAGT-1,0.51543
CTACGAATTGGCTGGT-1,0.5014189
ATAGTACTATGGTTCT-1,0.4701727
AAGGCAGTCTGATCAC-1,0.463902
GCAGGTCACTACCTCA-1,0.47827867
ATACAATTGCGGTATT-1,0.4900265
TGCCAGCTATTGTAGA-1,0.4844999
CCGATAATGGAGCCTT-1,0.47208464
TGAGTGAGGCACGCCT-1,0.49493694
GTCACTGAATCTCACC-1,0.4707162
GTCAGTGCCAGAATAA-1,0.4877505
AGCCAGCGGCAAGCGT-1,0.51790357
TGAGTATTCTAGGACT-1,0.4901342
TAGTGGTTGAACCAAT-1,0.48736492
ACAACTGTCGTGGATA-1,0.5149339
ATAAGAATCATGCATC-1,0.49072108
CCTCGGAAGGCATGCA-1,0.5165005
CGCTATTAATCTATAA-1,0.5477434
CTGATTATCAATAGAC-1,0.5109858
GTAGGTGATAATTCAC-1,0.48348302
AGCGGTTACAATACGC-1,0.48103282
CATGATGCTAGCCATG-1,0.47891665
GTATGCGGTATCATGA-1,0.49181426
CACGTGGCGGCACTAG-1,0.5087676
GTCTTGACTTGCTCTG-1,0.50230074
ATAGCGGCGAGTAATT-1,0.51959443
ATACCGTTCCAGTCCA-1,0.52062076
GAGCACCATTCGCTGT-1,0.52551246
TATGACAAGTGGAAGA-1,0.45919216
AACAGTCGTGTCGCGG-1,0.49671933
TCACTACCAAGCCTGT-1,0.463248
GATACATAACGCATGT-1,0.5145211
CACCATAGGTAACCAG-1,0.53232753
GTCCTGCTTACGGCTG-1,0.5005865
AGACCTCAGCGAGGTG-1,0.46370018
TGCAGTACAACGAGTG-1,0.44213593
TAGACCATCGATTGAG-1,0.448508
AATAGTCGTTATCTAG-1,0.42646685
ACGGCTTATTGGTATG-1,0.50962865
GAGGACAGATCGCCTA-1,0.46406376
TGAGGAATCCATAGAA-1,0.45339563
GACGCCTCGTCAGAGG-1,0.45368332
CGTAAGCCGACCGCTT-1,0.5088786
TGCCGGAACTTAGGCA-1,0.5268114
CACGTCCATCTACTGA-1,0.4750552
TAACGTGCCATAGTTA-1,0.5017579
ACGCGGAAGAGTTCCG-1,0.4826684
CTCGGAATTCTTGATA-1,0.45842224
AAGCCATCCGTGCTAT-1,0.42071843
AAGCAGTGAGTGCGAC-1,0.47784907
TCGGTGATCGCCGGCC-1,0.4165854
CCAGATTGTAGCCTAC-1,0.46616772
GTCGGCCGTTGTGAAT-1,0.44918677
CCGCTCGCTAGTCTAA-1,0.46097302
GTTCGTAGGTAGTGAA-1,0.5100406
ACCTAATTGTCGCTGA-1,0.49385196
CTATCCATTGAGCCAC-1,0.50081664
ACTGACGGCGAATAGT-1,0.52231705
CGACCAGATTCAGTGA-1,0.5103578
GCACTACACTATTGCG-1,0.49956265
CGACTAGGAGATAAGC-1,0.5068875
TGTATGGTGCCAAGGT-1,0.5048458
ATACATCACGCCTTCT-1,0.49347702
ATGCATGTATGTGAGT-1,0.530571
CTGACTCGAATTCGTG-1,0.5289786
CGGTCATGGAGGACTC-1,0.5108677
GGATGGATCACTCATA-1,0.49411848
TATGAGCGATCCATTA-1,0.5713167
CAGTGCCTTGCGGTCT-1,0.53650326
ACGTTAATACAATGAC-1,0.486469
TGATAGGAGCATCAAC-1,0.54282033
GTCTAAGATCGGACTA-1,0.4685814
TCTACTGTCTCAATGA-1,0.50498265
CGTCCATCGTCCAATA-1,0.45396763
CTCACGAGTAGATGAG-1,0.48553762
AATTGCATTGAAGAAT-1,0.49821597
ACGATGTTACCTCATT-1,0.47324157
ATCTGAGGAACGGTTG-1,0.48569325
CCTAGCCTTCATCGGC-1,0.4965126
TGCACGTAGTTCGAAG-1,0.45085576
TATTGATCGTGATCTT-1,0.4869647
GCCAGACATCTATCAC-1,0.4580755
ACGTTCACGACTAGGT-1,0.47231567
AGTAAGCTCGGCCAAT-1,0.47236654
TCACGATACCTAGCCA-1,0.44214684
ACATGGATGCGTAAGC-1,0.48751748
CTCCGGCCTACAGCTT-1,0.42878565
GATGTAGCGAGGTCCA-1,0.47691438
TGCTTATGACGCTGGC-1,0.47490698
TGCGCTCATAGAACGA-1,0.48059484
GTACGATTAGTCTACA-1,0.47100705
AATGAATCGGAAGGCA-1,0.47049105
TGCACGAGTGTCAGCC-1,0.5045484
CGACGCAGCCTTAGTC-1,0.44467902
CAATCGTCGGAGCATG-1,0.49136528
ATTACTGAGTGCCTCC-1,0.5087254
GGCGACCATAGCGTTA-1,0.514269
TCTATGATCGGTGCCT-1,0.4794962
GGTTAGTATGAGTGTC-1,0.4856888
CAGTTGCGACTTCTCG-1,0.47071266
TAACATGCGTGCGAAC-1,0.4722876
ATTCACATAGGATGAG-1,0.4762978
TGCGCCGAACGGACTC-1,0.4837047
CCTCGGTATGACAGTA-1,0.4836382
TCGGTAATTACGTGGA-1,0.45890093
CGTGTACGATGATTGT-1,0.45856363
AGCCGTATTCAACCGT-1,0.48478702
GTGGCGCCAGCTAACC-1,0.4789621
CGCACGTAGCATTGTT-1,0.5192001
TGCAGAGGTCGTAATT-1,0.5175934
GGACGTCGAGGATTCA-1,0.45817927
ATTAGCGAGCATGCTG-1,0.49164128
TCTTCGTCAGACCAGG-1,0.51799196
GTCAGCTCAATCAAGG-1,0.51130337
TATCTAGTGAATGATC-1,0.48230127
GTCGCATGCGGTAGAT-1,0.5195267
TCTAACCGTGCTAGCT-1,0.50199795
ACGTTCACATGATCTG-1,0.5102286
GTAGTGACATTACGAC-1,0.53199977
ACTCCACGTTCGCTAC-1,0.5053488
TACAAGGTTATGCGGT-1,0.53497624
GCCTGTTAGGTTGTGA-1,0.5422843
CTATTCCTTACCTAGG-1,0.48606482
AGAAGCGATGTTCTAA-1,0.5246564
AACATCGCGTGACCAC-1,0.45378152
TGACGCCTGCTTGTGA-1,0.4686456
TAGGCAGTGCGTAGAC-1,0.40130854
TCCTGATCACCGGTCC-1,0.45672753
GTACGCTCGCCAACAT-1,0.50324106
CTACGAGCCTGGAGAC-1,0.48942584
GGTAGTACAGGTTAGA-1,0.4768165
CAGTCTGGTAATCTAC-1,0.49629438
AAGCCAGGTTACGAAC-1,0.44006047
TGTAGGTCTGAACGCA-1,0.44008702
ATGGTAACGGACCGGA-1,0.47114858
GTACGCCTCGCTTCCA-1,0.46839228
ACATGTTGCTTGATCT-1,0.4968642
TCATCTATCCACGATT-1,0.5272692
CTCGCATACTCAACTC-1,0.500478
CGGAGTAAGTGCACAT-1,0.49538583
TCCGCCGGTCTATTCA-1,0.4851081
AATACTAACCACTTAT-1,0.5091997
GACGTACAGGAACGCT-1,0.4649288
TAATTAGCTCGATTGT-1,0.4794563
AGTTCGTCTAGTGCAG-1,0.52336186
AGTCACTTATTCAAGG-1,0.4349307
TACGACGTCTCATATT-1,0.4961374
GGACGTCGAACGGCTT-1,0.44899166
CTGGTGCTTATGACCA-1,0.46973613
GGTTAGACTCACTAGC-1,0.49142942
TGTTCATAGTATGACG-1,0.48168322
TCGGCACTGGCGCCGA-1,0.4745949
CGGATTCCAGACGGTT-1,0.43829405
GTCCTTCGGAACCTGC-1,0.46699527
CACGGATTCTCATCAC-1,0.46572742
GTCAGCGATTGATTCA-1,0.4534474
GGAGATGGCTCGAGAT-1,0.4663114
GTATCTAGCTACCAGC-1,0.5236687
CTTGAACTTAGAGGAA-1,0.51336634
TCGCACTGCTGTGCTC-1,0.5466917
AACAGGATTCATAGTT-1,0.5302964
AGGTGAGCAATGTCTT-1,0.50677407
AGTTAAGACTGGCTCC-1,0.51173073
GGTAGCTTAGCCAATC-1,0.5102671
TGTTGGCCAGACCTAC-1,0.52223706
TCATCTCCAACCACCT-1,0.47074363
TATGTTGGTCCAGTGA-1,0.49160466
TACGGAATACTCGTTC-1,0.51686704
TATGGCCGGCGACACT-1,0.53728807
GTATGTGCAAGCCGGA-1,0.4620252
AGATCAGTCGATAGAA-1,0.47457528
GCATACTAGCATCGAA-1,0.43481556
ACATTGTACATTCTTG-1,0.45901746
CAGGCCGTATCTGTTA-1,0.41738322
GTAGCAACGACCGTGG-1,0.45466435
GTAAGTTGCGGAGCGT-1,0.48020136
GTACAGTATCGGAATT-1,0.47871476
CATGATAGGCCATGAG-1,0.4730142
CTATACCGACTCGCAT-1,0.47138146
TCAGAATCGATATCAT-1,0.46118367
CGCTCGGCCGGTTGTC-1,0.47945198
CTCGCTAGCACCATCT-1,0.49948293
AGTGCGCAACATGCGT-1,0.4391317
ATGTACTCTGCAGCAC-1,0.4939374
CTAGGCCAGGAGTACG-1,0.42903152
CCGGAGAAGCTAACCA-1,0.5037322
AGATAAGCCACTCATA-1,0.4603041
TCTACTCCGACTCGGC-1,0.45540118
GACGCAGCGTCAAGTT-1,0.4041665
GTAACACCGAGCGTTA-1,0.39160907
TAGCTCGAATCGTCCG-1,0.43928194
TCCGAATCGCAGGTTC-1,0.48731098
GGAGTCCAGATAGCTT-1,0.4581948
GTCTTGTATTGTAGAT-1,0.47247604
GCCATTGTAACTGATC-1,0.47248992
AAGGCCGATTCTGAGC-1,0.4486026
TGAGACAAGGACGACC-1,0.48930797
AGGAGCATAATCCACT-1,0.45311987
AACTATGTGCTTGTTA-1,0.49852315
GCTGAATGACCGTGAG-1,0.46622658
ACAATTGGTCGCGTAA-1,0.505594
ACCTATAACGAACTAC-1,0.48390156
ACTGACGTGATATTGG-1,0.47043917
CGTAGTGACTCAAGGA-1,0.43922302
GCACTCTGTTGCCATA-1,0.49231613
TCACAAGATGACTCGA-1,0.45817882
GCTCCGAGACTACATA-1,0.44209117
CGGAGTGGCGACTAAG-1,0.470548
TAGCTAGAGCACGCCG-1,0.4795181
CTACCTTATCAACTGA-1,0.47695535
CTTCGACCAAGCCGAG-1,0.5028016
CATTGGCGGTTGAGTC-1,0.4804106
TATTCGACAACCGTGA-1,0.51250124
TGACTCCAAGTCTACC-1,0.48632059
CTAGCAACCAGTGCGG-1,0.4948717
ATCCGAGTCACTTGTA-1,0.46961486
CATATGTTGACTGGCG-1,0.49259228
AAGATCTGTAACTTGT-1,0.47835732
CATCCTAGTGGTATGT-1,0.48341608
CAGCTGTTGCCGGAGT-1,0.47343922
GTGACTTCAACATCCG-1,0.48896846
TCTACTATGCTAGCTC-1,0.47539353
GTTAGGAAGTATACGA-1,0.45880666
TCATAGTAGACTCATA-1,0.50075936
GTTCTACTATACGAAC-1,0.52485764
CTCCTTGAATTGGCTA-1,0.4672219
TATCCGACGTCTAGAT-1,0.48915544
TCGGCGTAAGGCCTTA-1,0.43755645
AACTAACGAACTAGAT-1,0.50779235
TAACCTACGGACTCGT-1,0.46112823
AAGCCACCATTCAAGA-1,0.4360076
ACGCACATTGTAAGTA-1,0.42629462
TAATTGACGTCGTTCC-1,0.4787383
TATGGCCTCACGTACA-1,0.4324854
AGCTATAGAATAGTCT-1,0.4518791
ATGTTCTGCCTTATCT-1,0.4587188
TCCGTCGGTACAAGTT-1,0.47302428
AAGGTGGATATGATCG-1,0.46755937
TGCGACTACGTGCGAG-1,0.49053687
CGGTGAACGGTTAGAT-1,0.50408816
GGCATTCCGATGCTCG-1,0.4775132
CGAGATGCGGTATGCG-1,0.49360427
AGTCCGTGATCACTAC-1,0.47912475
CGGTCCGGTTCTTAGC-1,0.46680468
AAGACTAAGGAGATCC-1,0.57454026
GCGTTGTATCGGAGCT-1,0.49797246
GAGCCAAGCGATCGTA-1,0.48123747
TGTAGGATCAGAGCGT-1,0.5098189
AGACCTATCCTTATAG-1,0.5061851
GACTTGAACGTCCGTA-1,0.4945739
TGCGTTGTATTGCCTG-1,0.50647336
GATAGAGTCTGAATCG-1,0.47641724
TCGCACTTACTGAAGT-1,0.5001537
ATTGCACGACCACTTG-1,0.45324853
AGCGAGGAACTGGTCC-1,0.4387272
AATAACATGTGCTATG-1,0.4760692
GTAATCTTGTCTAGTT-1,0.45435315
GGCATACATGGCTCAG-1,0.49343777
AACAGGTTCACCGAAG-1,0.4836728
TAAGACCGAGTGAACA-1,0.51582897
GGAACATCGTGGAATC-1,0.5073028
ATGTCGGATAAGCCGA-1,0.51299566
GCATAACCGAGGTGAT-1,0.52415997
CGACGCTCCGCACGTG-1,0.51606524
CTCAGGATACGCGGCA-1,0.5188364
GATGGACCTGGACGGA-1,0.50454605
ACTTGAGCCGTTCTTA-1,0.47607884
AGCTTGAGTCAGGCCG-1,0.49577886
CGACTAGGTCCTTAAC-1,0.49851787
TCCAATTGGTTACAGT-1,0.4985084
GATAGTGACACTCCAA-1,0.5148969
CACCTTAGCTATTGTC-1,0.48024377
TCAACAATGGAGGCCT-1,0.47563192
TCTTGCCGGCAGTCTA-1,0.46641478
CCTTCCGCTCCGGCAT-1,0.43436608
GAATGACCACAATCGA-1,0.48028797
AGGCAACTAGCGTACC-1,0.49469334
CTCAGAAGACAACTCG-1,0.5109402
CACTGGTGAGACGCTT-1,0.46399713
CATGTCCACCTGCGTC-1,0.47318438
TCTGCAAGGACGGCAA-1,0.4992249
GTGACCGGAGTCATAC-1,0.46326
TGTTGCGTCCAAGATT-1,0.47708735
TCTACAGGTACGCAGT-1,0.45678738
CCGGCGCAGCATGCGA-1,0.48033494
CGGAGTGGTCAAGTAT-1,0.4342124
GCTACTTCTGACGCGA-1,0.47442257
AAGTACTGGATGCGCA-1,0.40150958
ACCGAAGCCGAATTAA-1,0.4793568
GGCTCAATCAACATGA-1,0.46167597
ATAGCTATTCGCACTC-1,0.47643557
ATTACTGTCGCATATT-1,0.45764554
CTATTCCGGCCGTCGG-1,0.44564632
TGATCGGACCTGGATG-1,0.4132162
TCCGCCAAGGTCCGTT-1,0.43080637
CCTCGGATCTTGCGGT-1,0.47615656
GCACAGCTGTGGTTGA-1,0.42304963
ATGCTTACTCTAGGAA-1,0.45313397
TCCAAGACCGCTTGAT-1,0.4092809
AACTTCAGATACTACC-1,0.4241986
GCTGCCGCCTATGTAG-1,0.517668
TAAGCCTGTAGCGTCC-1,0.46279535
TCTTCGAACAGCGTTA-1,0.47700024
GTTGAATGGTACAGTA-1,0.48916784
TATCCAAGCGCCGTAG-1,0.45543894
TACGCCGGAGTTCTGA-1,0.47642827
GCTAACCATAGGCGTT-1,0.46247253
ACGATGTCGTTGCCAA-1,0.47988945
TCCGGTTCCGTTCTAG-1,0.48165995
CCGCAAGGTACCGTTG-1,0.45912918
ATCTTCGGACATACTA-1,0.50469196
CTAGACGATTGAGCTA-1,0.5129403
CTGCCTCCAACACCAG-1,0.4717619
CATCGGCCTGCATATC-1,0.49709445
GTGGCGCCACTACGCT-1,0.46942538
ATTGACGCCAGCCAAG-1,0.49956074
TACGGTAGTTGCGTGA-1,0.51513237
AGCCTCGCATGGTCCT-1,0.505908
ATGTCGTTACCAGACG-1,0.49287754
GCTTCTCCAGAACCGC-1,0.4970356
CCGGAGACAAGAATAA-1,0.4811685
TCCATCGGCTAGACGA-1,0.4891782
GTTCCGTCATACGGCT-1,0.47481263
CTGACTGATTAGGCTG-1,0.5305106
CCATAGTTCGAGTAAG-1,0.49203372
CTATCGTATGATAGGA-1,0.4664374
AATAACTTCATACGGA-1,0.45683146
TCGATCGCACCTAATC-1,0.47997025
AGTGTCGTGGCATGTT-1,0.47846973
AACCAATCTGGTTGGC-1,0.48499766
ACTCCTATGTTCCTAC-1,0.42436054
ACCGAGGTGATACCGA-1,0.46613374
GTCGCAGATTACTGCA-1,0.43586758
GGATAAGTCAGGATAG-1,0.46667737
ATCTACCATATTCCAG-1,0.46611902
GTGCAACTACTGTACG-1,0.45475957
CGCCGGTATCTAGCAC-1,0.48812336
GAGCTAAGGTTGCGTT-1,0.5016186
CAATTGTTGACGTGAG-1,0.47108084
TGCGTTAGCACGTACC-1,0.49319178
ATGGAGGCCACGGCTT-1,0.48872656
TACACCTCGTACTCCA-1,0.48451322
CCTTGTCTTACGGTTC-1,0.5340723
AAGCCATTATCTGCCA-1,0.4633347
CTCCTTATGGAACCTT-1,0.49734583
GTATTACGGTATTGAG-1,0.50302637
GTCTTCGGTAGCTACA-1,0.4990978
AGCGGTTAGACTCGCC-1,0.45395228
TCGATCTAGCCGATTC-1,0.46436116
GGCGCTAATATGCTCC-1,0.47545692
TAGGACGGCCAGCCGA-1,0.4725002
TAGCGTACCTTGACAT-1,0.46243736
AACTCAACTTGACAGC-1,0.49458146
GACAACGGCGATGTTA-1,0.48412243
ATTATCGAGTGCAGAT-1,0.5293494
GAACTCCTGGAGGCTC-1,0.4951828
CTGGCCTTGCATTCGG-1,0.50407594
CTGCCTGACACGGATT-1,0.51436466
TATTCTCCTATGATGG-1,0.4922036
CTTCTGTACGGACATC-1,0.5316494
AGACCGCCGGCCAATG-1,0.5075306
GATCTATGAAGATGCG-1,0.4787463
TGGTATTGAGTTGTAA-1,0.50691205
CGGCGTAGCGCTAGGA-1,0.50946915
AATTGGCTTGAGTTGC-1,0.53409994
CATTGCTATGTTAGCT-1,0.4946931
CTCCATGGCGACCAGT-1,0.52292025
CGAGTCACTCATAGAT-1,0.49342778
GTGATCTACGAGATCC-1,0.51118296
ACAGAATCTTGATAAG-1,0.4741679
CACGAGGCCATCCACT-1,0.53358465
AGTTGGCACCAGTTAC-1,0.4548959
TGACTCTGCTCGCACG-1,0.50560486
TAGCTAGAGGCCTGAA-1,0.4789208
TCGGACTGCCACCTCC-1,0.5224677
TAGTTCGAATTAGCGG-1,0.47972897
GCTTCGGCATCAGAGT-1,0.47881988
CCTAGCCTAGTACCGG-1,0.4716861
TGGTCTGCTCAGGTTG-1,0.48819575
ACTCGTATTGTCAGAA-1,0.4679814
GACCGAATCTAATACG-1,0.45110947
CTACAGAATTAATGAC-1,0.49973586
CTGACTCCGAATCTGC-1,0.49049097
GTATGTAGCTCACCTT-1,0.43181604
TCTACACTAATTACTC-1,0.44926897
AATAACATGTTACGTC-1,0.43111303
GCACTGAATATGACAG-1,0.46943656
GGTGGCTTATTGCGTG-1,0.42502648
AGTTACCTCACCAGCA-1,0.45623198
GAACTTGGTGAGGATA-1,0.4502069
GTCACTTATGAATGCG-1,0.42652187
TACAAGCGCCTCTACA-1,0.41950968
ATCCGATGACCTCGGA-1,0.4308982
GTCGTGTTCATGTCAG-1,0.476753
CCTATGTCTTACCGGC-1,0.48089504
GAGGTCACTGTAAGCT-1,0.48126307
GTTAGACAATGGATGA-1,0.46381262
AGGATATCGCGAATAC-1,0.47206935
ACCGTACTATCGGAGG-1,0.49862382
TATCACATAGCGAACT-1,0.5100216
GGCGTCGCCGTATGAT-1,0.49027538
CAATGCATTGACGGCA-1,0.4794124
GCAGACGCCTGGTTAT-1,0.48566747
TACGGTTAATGTACTA-1,0.4725132
ATTCCGCTCCATCAGC-1,0.47887072
CTTAGTCTTATTCGGA-1,0.478332
TCCTACAAGCTCGAAC-1,0.48769343
TATGTTGGTAGGTCGT-1,0.4809245
AACTGCTACCTCGATA-1,0.5297896
GTGCCGTCCTGTCAGC-1,0.48234707
GCGAATGCAGTGTCAA-1,0.48818445
TCAATTAATAGAACCT-1,0.505539
TGTCAAGCGGATCGGT-1,0.5054361
TGGCCACTCCGCGGAC-1,0.5014309
GCTTGACCTCCGCTTC-1,0.47501925
ACAACTAAGTGGCGCT-1,0.4893765
CAGACACTTACAAGAC-1,0.5199264
TAACGACCTTGCCTAT-1,0.4698202
GTACATAAGCTACGCC-1,0.48370972
ATTGTTACGACTAGCG-1,0.4660762
GAGTTAGCAGTAGATG-1,0.4331482
AGGACCAGTGCGCCAG-1,0.47177592
CATTCTCCAGTCACCA-1,0.4662101
GCTCCTATGTCTTCGC-1,0.48705223
GATAGAGTGATAAGCT-1,0.47637478
TGGTATTAGCTAGACC-1,0.49617845
GGATTCCGACGTGATG-1,0.4802715
CTACAGGTCGCTAAGC-1,0.48735982
GCAATTCTGTGACAGA-1,0.48766646
GTCAACAGACGCACGT-1,0.47510844
GCTTCGCTCAAGCGAT-1,0.47217137
ACTGACTGTCATCTAC-1,0.46200815
TCCTAATTGCGGCCTG-1,0.52483207
CCGCTCATACAAGTCA-1,0.51438147
GATGGACGGCAGATGA-1,0.48058063
ATGAAGCTGAATCCAG-1,0.5051927
GAGTCCTCTAGCGACA-1,0.50298285
TGAGTAAGCGCAATCC-1,0.5051514
CAGAACGTATCGACTT-1,0.5062052
CGCCTTAGGATCGGCA-1,0.48630208
GAGTGCAGCGTCATCG-1,0.49602276
AGAAGGCGTAGAATAG-1,0.5092737
TCTTACATTACTTCGC-1,0.49321398
TCTTGCCATCGTTGTA-1,0.4943533
ATTCTTGGAGTGATAG-1,0.49097025
GTCAACAGCGCACCGA-1,0.46705163
AGGTGATTGGCGGTAT-1,0.490555
AAGTTACTATTACATC-1,0.45503706
CGTCCAATCTGCGTCC-1,0.5206621
GAACGCCAGTGCATAC-1,0.52276975
CCAGATGATATGTAGG-1,0.47552007
GTCTATCAATGGATTA-1,0.49717966
GTTGAATAAGTCAGCA-1,0.48566237
CTTCGTATTAATACGG-1,0.50017875
GGCCTGCGTTATGCCG-1,0.47230974
CCAAGCTGGCCATTGC-1,0.5013881
CACTAGTCGACATCTA-1,0.45439953
ACATGTTCCAGGACGT-1,0.50898105
GCTTCTGTTACGAGAA-1,0.49541533
TCAAGGTCTGAATATG-1,0.51276827
GAACTCATAGTGAGTG-1,0.5267648
GTCTGATAGATTATAA-1,0.53533787
TGTTACCTATTGGACA-1,0.51219946
AATAGTGGAAGAGCAT-1,0.51298386
ATCAGATACCAGCTGT-1,0.5065813
GAATCATGAACCAGTG-1,0.5010789
TGCCGAGTTAAGAACG-1,0.4894128
TAACTCCAACATGGAC-1,0.49932346
CCTATGCCAGCAATCC-1,0.487025
TGTCAGTGGCTTCCAT-1,0.4851613
ATGCATGCCTGCGATG-1,0.4853787
TATGGCCATAATAGAC-1,0.47560167
TATTCTCAGCGGCTGG-1,0.49861258
CCACGTCGGTCGCTTC-1,0.4641821
TAGCTACCATACTGCT-1,0.47177485
TCCAACGAAGATGCTT-1,0.49730876
AGTGCAATAACTAACA-1,0.46255893
CAGGCGAGGTCTTGGA-1,0.46225852
CGCTGTGACATAGGCA-1,0.4524554
TCCGGCTATGCTCAGT-1,0.47963622
ATCAGTAAGCTCGCCG-1,0.4432078
CTAAGCTTACAGTACG-1,0.47542074
CGCTAGCCGCATGCAT-1,0.4147332
CACGAGGTATAGGTAT-1,0.46746317
ACGTTCTGCCATAATC-1,0.46499857
CCGTCTTATGGACGAG-1,0.5023211
TCTAGATAAGGTTAGC-1,0.4753153
CTCGATGTTGAACGGC-1,0.47937435
CACGGTCTTGGTTAAT-1,0.46156675
CTATTCGTCTTACATA-1,0.4741273
TGCTGTCTTGTTAATG-1,0.44512582
TAAGGATCTGAAGATA-1,0.47824132
TCATCTGCCGCTATTC-1,0.49514407
GAGTCCACGCCTGAAG-1,0.4918737
TCGTATGCCGGACGTT-1,0.47912562
AGCCGATGTTCTACTC-1,0.46929622
ACGATGCGAAGGAGCA-1,0.5222135
CTAGCACGATCACTGT-1,0.49254888
TGTTAAGGAAGTCTTA-1,0.49714783
GACCACTTAGACAGGT-1,0.45837155
AACCTAAGATACTGAG-1,0.47321925
TGTTCATTGGTCCAAG-1,0.49806318
ACAGAATAAGAACCAT-1,0.4680702
ATTAGTGAGGTATCGC-1,0.47692934
TCTTGTTATTCTTGAT-1,0.44350886
GTGATGGATTAGAACA-1,0.44468713
TATTCGACATTACTAT-1,0.48480964
ACCGAAGATGTCGGCA-1,0.46711406
TATTCTAGAATCGGAC-1,0.4610677
CACGGCGATACATACG-1,0.47782344
TACTCCGCCAATACAA-1,0.4833191
TATGAACTACGCGGTG-1,0.46547034
TCTTAGGCGACAGTCA-1,0.48981622
GGTGCAGTTCCATATG-1,0.50772274
AACTAGCATCACGTAC-1,0.5096891
TGATGGATGATCACGG-1,0.48673534
GAGCCTCCAGTACCGA-1,0.503892
TCGTCACGATGTTCGA-1,0.4717993
GAAGCGGCTGATCAGT-1,0.4832516
AAGCATCAAGCGTGAT-1,0.4938591
TCATCGCTGTGCAACA-1,0.47984934
CGCTTAGAATTCTTAC-1,0.47061348
GTGACCGTGGATTAGC-1,0.48221442
CCAATTATGACACTGG-1,0.42179507
TCCGGTACGTGGCCTC-1,0.47279942
CACGGCTGCGCTTGGC-1,0.46823156
GAATGGCCAAGGAGGC-1,0.47802618
ACATCGGCTTACAAGG-1,0.45541358
TGATGGCTGCGACGAT-1,0.45595634
ACGACAAGCACTTCAC-1,0.46832708
GTCCATCTATACAAGG-1,0.50555944
TCTACTTCACCGTGGA-1,0.4737041
AGCATGAGCGAATATT-1,0.5179316
GTCACTAAGAGGAATA-1,0.49217147
CAGGAGCGTATCGCAT-1,0.49183246
CTACCAGGAGACATCT-1,0.48154682
TGATTCGTCTGGATCT-1,0.52907395
CTGGTGATCCTGAAGG-1,0.4964671
CTCACCTTAATAAGAT-1,0.53311116
GGTATGCAACAGTGGC-1,0.52642727
AAGAATTCTGGCTGCA-1,0.49346194
CTGTTCGTATGCACCA-1,0.4562245
ACGGCTATGGCATACC-1,0.48275048
GCTGAGGACAAGAAGT-1,0.49334306
GATACTTCACTCAGCA-1,0.4554675
ATGTAGCCGACCAAGG-1,0.51032805
TGCATTCGCTACAATG-1,0.5163882
TGCGGACTTCTGTCGC-1,0.44184098
ATGCTACTGAATAGTA-1,0.47749168
TGAGACTATTGAATCT-1,0.47109628
GTATACGGTACACGCA-1,0.49593592
CGGATGTTGAACCACG-1,0.49086052
CTTACGAACTCCGTCC-1,0.5187954
ACAGGACTGAGCCGAT-1,0.48852685
ATCCGTGGAACTTCAA-1,0.47342816
TCGTATTCTGAGTGGC-1,0.51200926
GCAATTCCTATCATAC-1,0.45140615
AGCTCGACAGGCGATA-1,0.51021796
CCACGAACGCTGCCGC-1,0.5009622
CTAAGCTCCACGATCA-1,0.48761672
ACCTGCTTGCTACGAC-1,0.4820927
AAGCAGTGGCATCACT-1,0.49085215
ACGGCCGTCAACGTAT-1,0.5012171
ACGATGTCGCACAATC-1,0.49777636
GTCTTGAACAATTACA-1,0.50136954
TCCGCCTTGTTCTGAT-1,0.4804511
AGACATCTTAGCACCT-1,0.5007167
TGCAGTCGAGCACCAA-1,0.4613964
AATACGTAGACAGTTA-1,0.49210992
TATGGCAGTTCGTCTA-1,0.49884486
GAGCCAGCTTACGGTA-1,0.49590242
CAACGGCACTCAGTCC-1,0.51215714
CGGCCTAACGATAATG-1,0.5101026
GTCACTACTTAATGGA-1,0.48811594
ATACTAGCCACTTCGC-1,0.50734615
AGACTGGTAAGGAGGT-1,0.51789796
CAGCTTGGTTCGGTCG-1,0.472148
CGTCCATGTAGCGTCT-1,0.4985232
TCACGCTATCCACTAC-1,0.4745129
GGCGCCGTCGGACATA-1,0.49390307
GTAGTCCAGCGGACAT-1,0.4713466
CTCCGGATCCTCGCTC-1,0.5188621
TAAGGTATGAATGCTA-1,0.47763512
AGGACTGAAGTGCCTT-1,0.5185211
CAGGACAGAAGGCTGG-1,0.50055695
CGCACTTAAGGCATGC-1,0.44979966
CAGTATCTTACACTAA-1,0.46280393
GCCTTCTGATTCCGTC-1,0.48904964
ATTATGCCATCGTTAA-1,0.458394
GGAAGCATTAGAGGCA-1,0.50087285
ATAGGCCGATAGAAGT-1,0.45090342
AACATAGTCTATCTAC-1,0.4954395
GCTGCGTTATGTGGAC-1,0.45095727
ATCACGTTCAATGATA-1,0.43704534
CAAGTGAATTGGATGC-1,0.4604624
CGCAGACACTGGCGTA-1,0.47604507
AGACCTTCGCGTGAAC-1,0.49619788
CAACTTGGACATAGAT-1,0.4415554
GTACGAAGATTATCCG-1,0.42394927
TATTCCGGTTGTTAAT-1,0.37673804
CGGCTTGTGCCGGCCT-1,0.41756022
AGGCAATGTCAGCTGG-1,0.4286612
CATACCTCGATTGTTC-1,0.45426586
TAGACCATTGCTTAGA-1,0.44436044
GCTCGCATCGTCATTA-1,0.45241567
GCTTGGTGTTCGAACA-1,0.43919286
AATCGAACGGACGGAG-1,0.49430692
TGTCGTTCATACGATA-1,0.54630893
GTGCACTTGTAAGCAC-1,0.4854977
GCCTGTGAAGTCGGCG-1,0.5126512
TGTCGATTCACGTAGT-1,0.4826137
ACTGAGCGCAACTCAT-1,0.46369696
CTTAGTGCGACCTATT-1,0.46444803
CAATAACTCAAGGCAA-1,0.38725647
ATTAAGAATAACGCTT-1,0.48678714
AAGGCGACGGTGTCGG-1,0.4147613
GACGGTGGTTGATGTC-1,0.48973203
AATTCTTGGATACGGA-1,0.49418765
TGACCTCCTTCAGATT-1,0.49442044
TATGTTGCAGTCTAGG-1,0.5097744
GTCAGTAATCCAATTA-1,0.4768586
TGCGTGTCAGCCAGTG-1,0.49818617
CGGATTGCGTCTACCT-1,0.5210694
GCACGCTTCGTTGTTC-1,0.48096663
TAAGCCTGGCTTCAGT-1,0.49788776
AGCCGTAGTGGAGTGC-1,0.53328764
TATTCTAAGGCTCATC-1,0.49221918
CACGTACGTAGCTCAT-1,0.47558588
GAGTTAATTCCACTGG-1,0.47144467
CGGCAATCAACGTGGA-1,0.47360408
GGTACGGTATGCTCCA-1,0.4789746
GAGTAACGTGGCTTGA-1,0.4868149
TATTCGGTGGAGATTC-1,0.4739596
TCATCGGCCTGTGCGG-1,0.5125023
ACCAATGAGCCTCATC-1,0.47460043
TACTAGGATCAATGGC-1,0.48763022
GTGCTCAATGCAACCT-1,0.52131146
GATAGATGTTGAAGAT-1,0.5144879
CTCGATGCGGTGTTAA-1,0.4801371
CACGGCTTACTCCGTT-1,0.51650435
CCGTATAATCTGGCCG-1,0.4988799
AACCAGAATCAGACGT-1,0.4924257
CTTGATGCAATCACAA-1,0.4547719
ACATCGTCGGTCTACC-1,0.54427004
ACAGAATAAGATAGTG-1,0.47304803
GTTGACGTCAGATTAG-1,0.46333858
TCGGAGCGTTACCTCG-1,0.505885
ATCTTAGACGCCTACT-1,0.44634596
TATGTCATAAGCGTCG-1,0.43864956
TCACAAGGAGAACAAG-1,0.52161586
CGAATTACTGCTCCGG-1,0.5134842
TCGCCGTATCATGCTT-1,0.4676624
TACGACTCTGAACACT-1,0.48067117
ACATCTCGACAACCAC-1,0.48019242
GTGACATGTACCACCT-1,0.50859284
TCAGTCATTGCAAGTG-1,0.47599936
ACCGGCACGTACGAAC-1,0.45781463
CTTGCCGGAAGACGCA-1,0.4968369
AAGTGAGCCTGTTACA-1,0.5107658
TGCCGGCATTATAGAT-1,0.46503964
CTCCTACTTGAGTAAG-1,0.47686666
ACCTAATGTTACCAAT-1,0.48296225
CGGAGCCGCAATAGCC-1,0.49536273
GTCGAAGTCGTGTTCT-1,0.42734462
CAGTAGATTGACGGAT-1,0.39374092
GCCATTGCATGTTAAC-1,0.49234208
CCTATGCCGTCGGCAC-1,0.46990326
TAACGCGTCCTACAAC-1,0.47116435
GTGCATTGCAATGTTG-1,0.4557219
GGCCTTGGATGTTGTC-1,0.46910486
TCGAATGGTTCCACGC-1,0.47285306
TAGAATTCAACGTGGC-1,0.47464553
CTATTAAGCCAGCACT-1,0.43171406
CATCCGGTACCAACGA-1,0.46466288
AACTATGCTGCATTCG-1,0.4470188
GGACGTACATACCAGA-1,0.48256955
GCAATCGTGACTCCAA-1,0.49621877
ATGACACTAATCGCAC-1,0.4946962
ACGGTTCGCAAGTAAC-1,0.4814467
CGTGAGCAATGGACAT-1,0.4775318
TCATAGGTAGTGACGA-1,0.46221945
TCTACATGAATCTGAT-1,0.45577845
GTCGCACGCAGCCTGC-1,0.4315977
GGAAGTCTTGTCGCAT-1,0.38683772
AAGACAATCTCCTGCA-1,0.44790694
CCGCGTATCGTTGCAG-1,0.49999464
AATTGTAGAATCCTAG-1,0.43925703
GAATTAACCTTCAATT-1,0.43462858
AATCCGCCGACCTGAG-1,0.46720323
GGCGTCGGTAGTGATA-1,0.43498394
ATCCGGATCGCCGTAT-1,0.51140165
TGGTACAAGACACTGA-1,0.5195073
CTAAGTCAAGATCATG-1,0.5000932
CCGGATCTCCGAAGCG-1,0.50967115
GTTATTCGGCCATTCG-1,0.48180956
TATGTAGAGCTGATCA-1,0.5116809
TACAACGGACGGCTCA-1,0.5349857
ATTAGTTCACAGACTC-1,0.48528132
GGCAAGACAATCAGCT-1,0.48844108
AGGAATTACGGTGACG-1,0.49078333
AACTTCAAGGATAATC-1,0.49681407
GAACAAGGTCGAGCAA-1,0.50788885
ATTCTACGTGGCAGAT-1,0.52322185
AGCTGTTCCGGTGATT-1,0.49352515
TCCAGTCAGTACATTA-1,0.4566396
TAGTCACTGGATAGGC-1,0.5399513
CACGTTGCACATACCG-1,0.47979987
GCACCGAAGATGTCTA-1,0.48473743
AGTGTCATGGTTGTGG-1,0.48482224
CAACTTGGTACGATGT-1,0.48603565
TGACAGTACTATTCTA-1,0.45470455
AGATAACCAATACGCC-1,0.45078617
TCCAGTACCGAGCGCA-1,0.43253756
TAGACCAGGATATCGG-1,0.40163484
GTGGCGATCTGCGATA-1,0.459231
ATCTGACCGGAGTCCT-1,0.5064956
AATGTACTTAACATCA-1,0.49466398
GGTAGGTTGTTCTAAG-1,0.44952744
GTAGCCGCACTCCATC-1,0.4627793
CTACAGGTAGAATTCC-1,0.4618055
GTCAGGTACGTGGCAT-1,0.4783517
CTTGTCAAGGCGTCAA-1,0.47757098
GCGAATTGGCTAGCCA-1,0.4864326
TATCCAATACCGCAAT-1,0.4620108
ACGAGTGCGTGCGTTC-1,0.47501984
GTGGCGATAGGCAGAA-1,0.45998597
CACTACCTTCGCTTCA-1,0.45020428
ACATTGAATACGCATA-1,0.44973642
GCGTTAATAGTCAGTA-1,0.41806254
TAGGACTTCATGTTAT-1,0.4634819
AGACCGGAGCAACGCT-1,0.51319873
CTATAACTCCTGGAGG-1,0.46566197
TACGGATCCTTGCGAT-1,0.4333024
GATCTTGTCATGATCT-1,0.38587245
ATAATTAGTTCTACGG-1,0.44583887
TCGAATCTTGCGTTAC-1,0.49012816
AAGTACTAAGGTTACG-1,0.48779222
GCGATGTACTGCTATT-1,0.45625907
ACTTAAGCCAGTAGGA-1,0.48131225
GTTGCCACGACAAGAA-1,0.43426967
CGGTCTAGATCGAATG-1,0.4287787
CGTCCATCCTAGCATC-1,0.43316948
TCATCCATGCCAAGCG-1,0.4845955
GGCCGTCCAGTAGGAC-1,0.43339062
GTATACATTGGCTCAG-1,0.3739424
TAGTTGAGTTCTGCAC-1,0.48280218
GGTACTGTGATCTTCC-1,0.47114977
GTTCGCTGGTATTAGA-1,0.48794672
TGCCTTAGGCGTCTAT-1,0.4713876
TATTCGTTATCGCCTG-1,0.477826
CTGGCCTTACCACTTA-1,0.49497402
GGAGATGCGTGCAGTA-1,0.49451593
CTTCGCCGCAACATTA-1,0.46574637
GAACTCCTCATACATA-1,0.4192554
ACTCTTGCGGAGAACC-1,0.40686178
GTTCCGTCTTATCTTA-1,0.4338564
GGCGGATACAACGCAC-1,0.48567063
TGACCAAGTAAGGACC-1,0.47866622
CGTGAGCTGTTATCGT-1,0.5170284
AACTCACGGAGTACGT-1,0.4661287
TAAGCAAGTAATGTGG-1,0.53732836
TCGGACGGCCGAGGAA-1,0.40013248
ATTGTTAAGTAGACTA-1,0.41776899
TCGCTTGTTCCAGTTG-1,0.45010164
GACGTGGTGCTCCAGA-1,0.46616244
CGCACGTATGAAGGCC-1,0.42063433
GGCAGCTCCTGGACGG-1,0.5138101
CGTAGTACAAGGTACT-1,0.4757587
GATGACTCTGAATCTT-1,0.45661205
TCAACATGGATACAAC-1,0.44802502
GATATGCTCACGTTAC-1,0.4467237
ATAGTTAAGCCTGCCG-1,0.4230426
AACCTTAGCGTCCGGT-1,0.43606126
GTAGCAGAGCAATAGC-1,0.47180533
TCAAGTGATGGTTAAT-1,0.47385556
GCCGGCAATAGGCAGG-1,0.46877995
GTTGCTACGTCTTAAT-1,0.48887944
ATCTGAAGTATGCACG-1,0.44579452
AGGAGCCGCTGAGTAG-1,0.4359817
CTATCGTTACAACCTT-1,0.46221587
TAGGCTTATCTAGCTC-1,0.45151767
TAGATGTCGAGGCCAG-1,0.44126573
ATGTACCGATCCAGAA-1,0.519258
ATACGACATCTAGACC-1,0.47964394
GATTGACTCCATGCGA-1,0.4788311
